consensus_rank,player,position,team,consensus_pos_rank
1,Jahmyr Gibbs,RB,DET,RB1
2,Bijan Robinson,RB,ATL,RB2
3,Jaxon Smith-Njigba,WR,SEA,WR1
4,Ja'Marr Chase,WR,CIN,WR2
5,Kenneth Walker,RB,KC,RB3
6,Amon-Ra St. Brown,WR,DET,WR3
7,Jonathan Taylor,RB,IND,RB4
8,Christian McCaffrey,RB,SF,RB5
9,CeeDee Lamb,WR,DAL,WR4
10,Puka Nacua,WR,LAR,WR5
11,James Cook,RB,BUF,RB6
12,Derrick Henry,RB,BAL,RB7
13,Ashton Jeanty,RB,LV,RB8
14,Chase Brown,RB,CIN,RB9
15,Justin Jefferson,WR,MIN,WR6
16,Chris Olave,WR,NO,WR7
17,Saquon Barkley,RB,PHI,RB10
18,Drake London,WR,ATL,WR8
19,Trey McBride,TE,ARI,TE1
20,Brock Bowers,TE,LV,TE2
21,Zay Flowers,WR,BAL,WR9
22,Jeremiyah Love,RB,ARI,RB11
23,Nico Collins,WR,HOU,WR10
24,George Pickens,WR,DAL,WR11
25,Kyren Williams,RB,LAR,RB12
26,DeVonta Smith,WR,PHI,WR12
27,Javonte Williams,RB,DAL,RB13
28,Omarion Hampton,RB,LAC,RB14
29,Josh Allen,QB,BUF,QB1
30,Garrett Wilson,WR,NYJ,WR13
31,Parker Washington,WR,JAX,WR14
32,Christian Watson,WR,GB,WR15
33,Tee Higgins,WR,CIN,WR16
34,D'Andre Swift,RB,CHI,RB15
35,Bucky Irving,RB,TB,RB16
36,Malik Nabers,WR,NYG,WR17
37,Rashee Rice,WR,KC,WR18
38,Jaylen Waddle,WR,DEN,WR19
39,Davante Adams,WR,LAR,WR20
40,Ladd McConkey,WR,LAC,WR21
41,Breece Hall,RB,NYJ,RB17
42,Bhayshul Tuten,RB,JAX,RB18
43,Chuba Hubbard,RB,CAR,RB19
44,Tetairoa McMillan,WR,CAR,WR22
45,David Montgomery,RB,HOU,RB20
46,DJ Moore,WR,BUF,WR23
47,Cam Skattebo,RB,NYG,RB21
48,Emeka Egbuka,WR,TB,WR24
49,Jaylen Warren,RB,PIT,RB22
50,Lamar Jackson,QB,BAL,QB2
51,Dalton Kincaid,TE,BUF,TE3
52,Matthew Golden,WR,GB,WR25
53,Mike Evans,WR,SF,WR26
54,Jameson Williams,WR,DET,WR27
55,Quinshon Judkins,RB,CLE,RB23
56,Jadarian Price,RB,SEA,RB24
57,Luther Burden,WR,CHI,WR28
58,George Kittle,TE,SF,TE4
59,TreVeyon Henderson,RB,NE,RB25
60,A.J. Brown,WR,NE,WR29
61,Joe Burrow,QB,CIN,QB3
62,Tyler Warren,TE,IND,TE5
63,Terry McLaurin,WR,WAS,WR30
64,Rome Odunze,WR,CHI,WR31
65,Josh Downs,WR,IND,WR32
66,Jalen Coker,WR,CAR,WR33
67,Rhamondre Stevenson,RB,NE,RB26
68,Stefon Diggs,WR,WAS,WR34
69,Jalen Hurts,QB,PHI,QB4
70,Travis Etienne,RB,NO,RB27
71,Michael Wilson,WR,ARI,WR35
72,Dak Prescott,QB,DAL,QB5
73,Brock Purdy,QB,SF,QB6
74,Carnell Tate,WR,TEN,WR36
75,Sam LaPorta,TE,DET,TE6
76,Aaron Jones,RB,MIN,RB28
77,Colston Loveland,TE,CHI,TE7
78,Deebo Samuel,WR,SF,WR37
79,Trevor Lawrence,QB,JAX,QB7
80,DK Metcalf,WR,PIT,WR38
81,Patrick Mahomes,QB,KC,QB8
82,Blake Corum,RB,LAR,RB29
83,Kyle Monangai,RB,CHI,RB30
84,Denzel Boston,WR,CLE,WR39
85,RJ Harvey,RB,DEN,RB31
86,Jordan Addison,WR,MIN,WR40
87,Jacory Croskey-Merritt,RB,WAS,RB32
88,Rico Dowdle,RB,PIT,RB33
89,Tony Pollard,RB,TEN,RB34
90,Travis Kelce,TE,KC,TE8
91,Chris Godwin,WR,TB,WR41
92,J.K. Dobbins,RB,DEN,RB35
93,Tucker Kraft,TE,GB,TE9
94,Caleb Williams,QB,CHI,QB9
95,Jared Goff,QB,DET,QB10
96,Makai Lemon,WR,PHI,WR42
97,Michael Pittman,WR,PIT,WR43
98,Quentin Johnston,WR,LAC,WR44
99,KC Concepcion,WR,CLE,WR45
100,Josh Jacobs,RB,GB,RB36
101,Jakobi Meyers,WR,JAX,WR46
102,Rachaad White,RB,WAS,RB37
103,Jordyn Tyson,WR,NO,WR47
104,Drake Maye,QB,NE,QB11
105,Xavier Worthy,WR,KC,WR48
106,Matthew Stafford,QB,LAR,QB12
107,Tyler Shough,QB,NO,QB13
108,Ollie Gordon II,RB,MIA,RB38
109,Wan'Dale Robinson,WR,TEN,WR49
110,Harold Fannin,TE,CLE,TE10
111,Justin Herbert,QB,LAC,QB14
112,Isaiah Likely,TE,NYG,TE11
113,Juwan Johnson,TE,NO,TE12
114,Courtland Sutton,WR,DEN,WR50
115,Jordan Mason,RB,MIN,RB39
116,Marvin Harrison,WR,ARI,WR51
117,Jayden Daniels,QB,WAS,QB15
118,Kenneth Gainwell,RB,TB,RB40
119,Brian Thomas,WR,JAX,WR52
120,Kaelon Black,RB,SF,RB41
121,Bo Nix,QB,DEN,QB16
122,Alec Pierce,WR,IND,WR53
123,Bryce Young,QB,CAR,QB17
124,Jordan Love,QB,GB,QB18
125,Chris Rodriguez,RB,JAX,RB42
126,MarShawn Lloyd,RB,GB,RB43
127,Dontayvion Wicks,WR,PHI,WR54
128,Keenan Allen,WR,IND,WR55
129,Romeo Doubs,WR,NE,WR56
130,Woody Marks,RB,HOU,RB44
131,Jake Ferguson,TE,DAL,TE13
132,Tre Tucker,WR,LV,WR57
133,Khalil Shakir,WR,BUF,WR58
134,Kenyon Sadiq,TE,NYJ,TE14
135,Kyler Murray,QB,MIN,QB19
136,Tyler Allgeier,RB,ARI,RB45
137,Keaton Mitchell,RB,LAC,RB46
138,Jonah Coleman,RB,DEN,RB47
139,Adonai Mitchell,WR,NYJ,WR59
140,Mark Andrews,TE,BAL,TE15
141,Dalton Schultz,TE,HOU,TE16
142,Dallas Goedert,TE,PHI,TE17
143,Mike Washington Jr.,RB,LV,RB48
144,Emmett Johnson,RB,KC,RB49
145,Baker Mayfield,QB,TB,QB20
146,Jonathon Brooks,RB,CAR,RB50
147,Devaughn Vele,WR,NO,WR60
148,Tank Bigsby,RB,PHI,RB51
149,Kyle Pitts,TE,ATL,TE18
150,Alvin Kamara,RB,NO,RB52
151,Terrance Ferguson,TE,LAR,TE19
152,Caleb Douglas,WR,MIA,WR61
153,Malik Willis,QB,MIA,QB21
154,C.J. Stroud,QB,HOU,QB22
155,Kendre Miller,RB,NO,RB53
156,Rashid Shaheed,WR,SEA,WR62
157,Tre Harris,WR,LAC,WR63
158,Brenton Strange,TE,JAX,TE20
159,Jaylen Wright,RB,MIA,RB54
160,Devin Singletary,RB,NYG,RB55
161,Oronde Gadsden,TE,LAC,TE21
162,Chris Brooks,RB,GB,RB56
163,Chris Bell,WR,MIA,WR64
164,Braelon Allen,RB,NYJ,RB57
165,Tyjae Spears,RB,TEN,RB58
166,Brian Robinson,RB,ATL,RB59
167,Malik Washington,WR,MIA,WR65
168,Hunter Henry,TE,NE,TE22
169,DeeJay Dallas,RB,MIN,RB60
170,Sam Darnold,QB,SEA,QB23
171,Kayshon Boutte,WR,HOU,WR66
172,T.J. Hockenson,TE,MIN,TE23
173,De'Zhaun Stribling,WR,SF,WR67
174,Ted Hurst,WR,TB,WR68
175,Rashod Bateman,WR,BAL,WR69
176,Chig Okonkwo,TE,WAS,TE24
177,Travis Hunter,WR,JAX,WR70
178,Daniel Jones,QB,IND,QB24
179,Jacoby Brissett,QB,ARI,QB25
180,Zach Charbonnet,RB,SEA,RB61
181,AJ Barner,TE,SEA,TE25
182,Jalen McMillan,WR,TB,WR71
183,Omar Cooper Jr.,WR,NYJ,WR72
184,Antonio Williams,WR,WAS,WR73
185,Keon Coleman,WR,BUF,WR74
186,Austin Ekeler,RB,-,RB62
187,Kaleb Johnson,RB,GB,RB63
188,Aaron Rodgers,QB,PIT,QB26
189,Ryan Flournoy,WR,DAL,WR75
190,Mack Hollins,WR,NE,WR76
191,Najee Harris,RB,NYG,RB64
192,Jalen Nailor,WR,LV,WR77
193,Ja'Kobi Lane,WR,BAL,WR78
194,Nicholas Singleton,RB,TEN,RB65
195,Cam Ward,QB,TEN,QB27
196,Ray Davis,RB,BUF,RB66
197,Jayden Reed,WR,GB,WR79
198,Malachi Fields,WR,NYG,WR80
199,Geno Smith,QB,NYJ,QB28
200,Michael Mayer,TE,LV,TE26
201,Pat Bryant,WR,DEN,WR81
202,Pat Freiermuth,TE,PIT,TE27
203,Darnell Mooney,WR,NYG,WR82
204,Samaje Perine,RB,CIN,RB67
205,Kaytron Allen,RB,WAS,RB68
206,Roschon Johnson,RB,CHI,RB69
207,Tank Dell,WR,HOU,WR83
208,Calvin Ridley,WR,TEN,WR84
209,Germie Bernard,WR,PIT,WR85
210,Dylan Sampson,RB,CLE,RB70
211,Jauan Jennings,WR,MIN,WR86
212,Cade Otton,TE,TB,TE28
213,Sean Tucker,RB,TB,RB71
214,Emanuel Wilson,RB,SEA,RB72
215,Zachariah Branch,WR,ATL,WR87
216,Deshaun Watson,QB,CLE,QB29
217,Jerry Jeudy,WR,CLE,WR88
218,Sione Vaki,RB,DET,RB73
219,Gunnar Helm,TE,TEN,TE29
220,Kyle Williams,WR,-,WR89
221,Isaac TeSlaa,WR,DET,WR90
222,Isiah Pacheco,RB,DET,RB74
223,Cyrus Allen,WR,KC,WR91
224,Kimani Vidal,RB,LAC,RB75
225,Troy Franklin,WR,DEN,WR92
226,Greg Dulcich,TE,MIA,TE30
227,Darren Waller,TE,CAR,TE31
228,Mike Gesicki,TE,CIN,TE32
229,Jack Bech,WR,LV,WR93
230,Kirk Cousins,QB,LV,QB30
231,Michael Penix,QB,ATL,QB31
232,Elic Ayomanor,WR,TEN,WR94
233,Demond Claiborne,RB,MIN,RB76
234,Tyrone Tracy,RB,NYG,RB77
235,Eli Raridon,TE,NE,TE33
236,Fernando Mendoza,QB,LV,QB32
237,Kalif Raymond,WR,CHI,WR95
238,Jaylin Noel,WR,HOU,WR96
239,Isaac Guerendo,RB,SF,RB78
240,Brashard Smith,RB,KC,RB79
241,Elijah Sarratt,WR,BAL,WR97
242,Emari Demercado,RB,DAL,RB80
243,Evan Engram,TE,DEN,TE34
244,Cooper Kupp,WR,SEA,WR98
245,Seth McGowan,RB,IND,RB81
246,Jordan James,RB,SF,RB82
247,George Holani,RB,SEA,RB83
248,Christian Kirk,WR,SF,WR99
249,Calvin Austin,WR,NYG,WR100
250,Charlie Kolar,TE,LAC,TE35
251,Skyler Bell,WR,BUF,WR101
252,Tyquan Thornton,WR,KC,WR102
253,Luke McCaffrey,WR,WAS,WR103
254,Justice Hill,RB,BAL,RB84
255,Tory Horton,WR,SEA,WR104
256,Eli Stowers,TE,PHI,TE36
257,Chimere Dike,WR,TEN,WR105
258,Jaydon Blue,RB,PHI,RB85
259,David Njoku,TE,LAC,TE37
260,Isaiah Davis,RB,NYJ,RB86
261,Konata Mumpfield,WR,LAR,WR106
262,DeMario Douglas,WR,NE,WR107
263,Tez Johnson,WR,TB,WR108
264,Tua Tagovailoa,QB,ATL,QB33
265,Adam Randall,RB,BAL,RB87
266,James Conner,RB,ARI,RB88
267,Bryce Lance,WR,NO,WR109
268,Shedeur Sanders,QB,CLE,QB34
269,Andrei Iosivas,WR,CIN,WR110
270,Ty Johnson,RB,BUF,RB89
271,Cedric Tillman,WR,NO,WR111
272,Brandon Aiyuk,WR,SF,WR112
273,Demarcus Robinson,WR,SF,WR113
274,Joshua Palmer,WR,BUF,WR114
275,Colby Parkinson,TE,LAR,TE38
276,Drew Lock,QB,SEA,QB35
277,DJ Giddens,RB,IND,RB90
278,Tyreek Hill,WR,-,WR115
279,Darius Slayton,WR,IND,WR116
280,Cole Kmet,TE,CHI,TE39
281,Darnell Washington,TE,PIT,TE40
282,Max Klare,TE,LAR,TE41
283,Isaiah Williams,WR,NYJ,WR117
284,Trey Benson,RB,ARI,RB91
285,Kendrick Bourne,WR,ARI,WR118
286,Theo Johnson,TE,NYG,TE42
287,LeQuint Allen,RB,JAX,RB92
288,Xavier Legette,WR,CAR,WR119
289,Mason Taylor,TE,NYJ,TE43
290,Carson Beck,QB,ARI,QB36
291,J.J. McCarthy,QB,NYG,QB37
292,Marcus Mariota,QB,WAS,QB38
293,Jake Tonges,TE,SF,TE44
294,Mac Jones,QB,SF,QB39
295,Zach Ertz,TE,PHI,TE45
296,Jameis Winston,QB,NYG,QB40
297,Hollywood Brown,WR,PHI,WR120
298,Carson Wentz,QB,MIN,QB41
299,Anthony Richardson,QB,IND,QB42
300,Olamide Zaccheaus,WR,ATL,WR121
301,Devin Neal,RB,-,RB93
302,Noah Fant,TE,NO,TE46
303,Elijah Arroyo,TE,SEA,TE47
304,Tyler Higbee,TE,LAR,TE48
305,Dawson Knox,TE,BUF,TE49
306,Jaylin Lane,WR,WAS,WR122
307,Zavion Thomas,WR,CHI,WR123
308,Ja'Tavion Sanders,TE,CAR,TE50
309,Dont'e Thornton Jr.,WR,LV,WR124
310,Oscar Delp,TE,NO,TE51
311,Justin Fields,QB,KC,QB43
312,Jarquez Hunter,RB,MIA,RB94
313,Cooper Rush,QB,ATL,QB44
314,Isaiah Bond,WR,CLE,WR125
315,Ty Simpson,QB,LAR,QB45
316,Noah Gray,TE,KC,TE52
317,Treylon Burks,WR,WAS,WR126
318,Trevor Etienne,RB,CAR,RB95
319,Jalen Tolbert,WR,MIA,WR127
320,Raheim Sanders,RB,CLE,RB96
321,Justin Joly,TE,MIA,TE53
322,Marvin Mims,WR,DEN,WR128
323,Jerome Ford,RB,MIN,RB97
324,Tahj Brooks,RB,CIN,RB98
325,Drew Allar,QB,PIT,QB46
326,Jahan Dotson,WR,ATL,WR129
327,Cade Klubnik,QB,NYJ,QB47
328,Kyle Williams,WR,NE,WR130
329,Tutu Atwell,WR,LAR,WR131
330,Jaleel McLaughlin,RB,CLE,RB99
331,Roman Wilson,WR,PIT,WR132
332,Audric Estime,RB,-,RB100
333,Jordan Whittington,WR,LAR,WR133
334,Luke Schoonmaker,TE,DAL,TE54
335,Dameon Pierce,RB,PHI,RB101
336,Will Shipley,RB,PHI,RB102
337,Brenen Thompson,WR,LAC,WR134
338,Savion Williams,WR,GB,WR135
339,Xavier Hutchinson,WR,HOU,WR136
340,Kevin Coleman Jr.,WR,MIA,WR137
341,Kareem Hunt,RB,-,RB103
342,KaVontae Turpin,WR,DAL,WR138
343,Nick Westbrook-Ikhine,WR,IND,WR139
344,Ashton Dulin,WR,IND,WR140
345,Luke Musgrave,TE,GB,TE55
346,Joe Flacco,QB,CIN,QB48
347,Eli Heidenreich,RB,PIT,RB104
348,Devontez Walker,WR,BAL,WR141
349,Jawhar Jordan,RB,HOU,RB105
350,Dyami Brown,WR,WAS,WR142
351,Greg Dortch,WR,BUF,WR143
352,Theo Wease Jr.,WR,LAC,WR144
353,Mo Alie-Cox,TE,IND,TE56
354,Riley Leonard,QB,IND,QB49
355,DeAndre Hopkins,WR,-,WR145
356,Gardner Minshew,QB,ARI,QB50
357,JuJu Smith-Schuster,WR,-,WR146
358,Taysom Hill,TE,-,TE57
359,Zonovan Knight,RB,ARI,RB106
360,Tyrod Taylor,QB,GB,QB51
