player,position,rb_pos_rank,rb_overall_rank
Jahmyr Gibbs,RB,1,1
Bijan Robinson,RB,2,2
Christian McCaffrey,RB,3,3
Jonathan Taylor,RB,4,4
Devon Achane,RB,5,5
James Cook III,RB,6,6
Saquon Barkley,RB,7,7
Ashton Jeanty,RB,8,8
Kenneth Walker III,RB,9,9
Derrick Henry,RB,10,10
Omarion Hampton,RB,11,11
Chase Brown,RB,12,12
Jeremiyah Love,RB,13,13
Josh Jacobs,RB,14,14
Kyren Williams,RB,15,15
Travis Etienne Jr,RB,16,16
Breece Hall,RB,17,17
Javonte Williams,RB,18,18
Bucky Irving,RB,19,19
Cam Skattebo,RB,20,20
D'Andre Swift,RB,21,21
Bhayshul Tuten,RB,22,22
TreVeyon Henderson,RB,23,23
Quinshon Judkins,RB,24,24
Puka Nacua,WR,1,25
Ja'Marr Chase,WR,2,26
Jaxon Smith-Njigba,WR,3,27
CeeDee Lamb,WR,4,28
Amon-Ra St. Brown,WR,5,29
Justin Jefferson,WR,6,30
Drake London,WR,7,31
Malik Nabers,WR,8,32
Rashee Rice,WR,9,33
George Pickens,WR,10,34
Nico Collins,WR,11,35
Chris Olave,WR,12,36
Devonta Smith,WR,13,37
Tee Higgins,WR,14,38
Tetairoa McMillan,WR,15,39
AJ Brown,WR,16,40
Garrett Wilson,WR,17,41
Davante Adams,WR,18,42
Zay Flowers,WR,19,43
Luther Burden III,WR,20,44
Ladd McConkey,WR,21,45
Terry McLaurin,WR,22,46
Jameson Williams,WR,23,47
Emeka Egbuka,WR,24,48
Trey McBride,TE,1,49
Brock Bowers,TE,2,50
Colston Loveland,TE,3,51
Tyler Warren,TE,4,52
Harold Fannin Jr,TE,5,53
Tucker Kraft,TE,6,54
Sam LaPorta,TE,7,55
Kyle Pitts,TE,8,56
Dalton Kincaid,TE,9,57
Dallas Goedert,TE,10,58
Oronde Gadsden II,TE,11,59
George Kittle,TE,12,60
Jake Ferguson,TE,13,61
Travis Kelce,TE,14,62
Kenyon Sadiq,TE,15,63
Mark Andrews,TE,16,64
Hunter Henry,TE,17,65
Brenton Strange,TE,18,66
Isaiah Likely,TE,19,67
Juwan Johnson,TE,20,68
TJ Hockerson,TE,21,69
Dalton Schultz,TE,22,70
Chig Okonkwo,TE,23,71
Pat Freiermuth,TE,24,72
Josh Allen,QB,1,73
Lamar Jackson,QB,2,74
Jayden Daniels,QB,3,75
Drake Maye,QB,4,76
Joe Burrow,QB,5,77
Jalen Hurts,QB,6,78
Caleb Williams,QB,7,79
Justin Herbert,QB,8,80
Jaxson Dart,QB,9,81
Trevor Lawrence,QB,10,82
Dak Prescott,QB,11,83
Brock Purdy,QB,12,84
Patrick Mahomes,QB,13,85
Matthew Stafford,QB,14,86
Bo Nix,QB,15,87
Kyler Murray,QB,16,88
Jordan Love,QB,17,89
Jared Goff,QB,18,90
Baker Mayfield,QB,19,91
Malik Willis,QB,20,92
Tyler Shough,QB,21,93
Sam Darnold,QB,22,94
CJ Stroud,QB,23,95
Daniel Jones,QB,24,96
