rank,player_display_name,recent_team,games,fantasy_points_ppr,fppg_ppr,carries,rushing_yards,rushing_tds,ypc,targets,receptions,receiving_yards,receiving_tds,target_share,opportunity_share,catch_rate,yac_per_rec,avg_snap_pct,gl_carries,rz20_tgt,rz20_pct,rz10_tgt,rz10_pct
1,Saquon Barkley,PHI,16,355.30002,22.21,345,2005.0,13,5.81,43,33,278.0,2,0.11866652,0.399,0.767,7.42,0.734375,20,9,16.7,2,8.7
2,Jahmyr Gibbs,DET,17,354.9,20.88,250,1412.0,16,5.65,63,52,497.0,3,0.1291762,0.299,0.825,11.02,0.5529411764705883,17,11,12.4,2,4.9
3,Bijan Robinson,ATL,17,341.7,20.1,304,1456.0,14,4.79,72,61,431.0,1,0.14079246,0.365,0.847,8.7,0.7535294117647059,18,7,12.3,1,5.3
4,Derrick Henry,BAL,17,336.4,19.79,325,1921.0,16,5.91,22,19,193.0,2,0.06905573,0.347,0.864,11.37,0.5741176470588235,20,5,8.2,2,6.7
5,Alvin Kamara,NO,14,265.3,18.95,228,950.0,6,4.17,89,68,543.0,2,0.212745,0.39,0.764,7.97,0.7085714285714285,11,5,12.8,0,0.0
6,Devon Achane,MIA,17,299.9,17.64,203,907.0,6,4.47,87,78,592.0,6,0.16224483,0.287,0.897,8.53,,0,14,16.9,5,12.5
7,Jonathan Taylor,IND,14,246.7,17.62,303,1431.0,11,4.72,31,18,136.0,1,0.094797306,0.411,0.581,8.33,0.8028571428571428,20,3,5.4,1,4.5
8,Josh Jacobs,GB,17,293.1,17.24,301,1329.0,15,4.42,43,36,342.0,1,0.10895435,0.353,0.837,11.19,0.6341176470588235,24,4,5.6,3,12.0
9,Joe Mixon,HOU,14,240.5,17.18,245,1016.0,11,4.15,52,36,309.0,1,0.13179153,0.37,0.692,10.0,0.6171428571428572,16,7,10.9,5,13.9
10,Kyren Williams,LA,16,272.1,17.01,316,1299.0,14,4.11,40,34,182.0,2,0.09656246,0.384,0.85,5.74,0.86375,20,8,10.7,4,10.3
11,James Cook,BUF,16,266.7,16.67,207,1009.0,16,4.87,38,32,258.0,2,0.09608759,0.263,0.842,8.12,0.476875,15,3,5.2,1,3.6
12,Kenneth Walker,SEA,11,181.2,16.47,153,573.0,7,3.75,53,46,299.0,1,0.1367009,0.328,0.868,7.89,,0,8,15.1,1,3.8
13,Chuba Hubbard,CAR,15,241.6,16.11,250,1195.0,10,4.78,54,43,171.0,1,0.14937265,0.365,0.796,5.7,0.7733333333333333,22,11,15.3,3,9.4
14,Chase Brown,CIN,16,255.0,15.94,229,990.0,7,4.32,65,54,360.0,4,0.11445521,0.307,0.831,6.04,0.6275000000000001,14,12,10.3,7,10.8
15,James Conner,ARI,16,253.8,15.86,236,1094.0,8,4.64,55,47,414.0,1,0.114758626,0.316,0.855,10.28,0.60625,15,5,8.2,1,3.3
16,David Montgomery,DET,14,221.72,15.84,185,775.0,12,4.19,38,36,341.0,0,0.090688474,0.262,0.947,10.14,0.4185714285714286,18,3,3.4,0,0.0
17,Breece Hall,NYJ,16,240.9,15.06,209,876.0,5,4.19,76,57,483.0,3,0.14129674,0.324,0.75,8.7,0.72375,11,8,9.3,3,7.3
18,J.K. Dobbins,LAC,13,191.8,14.75,195,905.0,9,4.64,38,32,153.0,0,0.10623853,0.311,0.842,6.38,0.6338461538461538,9,5,10.0,0,0.0
19,Bucky Irving,TB,17,244.4,14.38,207,1122.0,8,5.42,52,47,392.0,0,0.0969491,0.244,0.904,11.23,0.4441176470588235,13,8,10.4,5,10.4
20,Aaron Jones,MIN,17,241.6,14.21,255,1138.0,5,4.46,62,51,408.0,2,0.12172764,0.328,0.823,8.06,0.6323529411764706,13,17,19.5,7,15.9
21,Rachaad White,TB,15,199.6,13.31,144,613.0,3,4.26,57,51,393.0,6,0.112999365,0.226,0.895,10.12,0.56625,8,10,13.0,6,12.5
22,D'Andre Swift,CHI,17,214.5,12.62,253,959.0,6,3.79,52,42,386.0,0,0.10742056,0.324,0.808,9.64,0.668235294117647,10,0,,0,
23,Tony Pollard,TEN,16,200.7,12.54,260,1079.0,5,4.15,57,41,238.0,0,0.13905226,0.349,0.719,5.39,0.678125,6,3,6.7,1,4.5
24,Rico Dowdle,DAL,16,197.8,12.36,235,1079.0,2,4.59,49,39,249.0,3,0.08399517,0.285,0.796,6.97,0.575,5,5,7.9,2,7.1
25,Najee Harris,PIT,17,204.6,12.04,263,1043.0,6,3.97,48,36,283.0,0,0.111704804,0.309,0.75,9.14,0.5,12,4,7.0,0,0.0
26,Christian McCaffrey,SF,4,47.800003,11.95,50,202.0,0,4.04,19,15,146.0,0,0.17869264,0.344,0.789,6.53,0.7224999999999999,1,4,5.3,1,2.8
27,Kareem Hunt,KC,13,155.4,11.95,200,728.0,7,3.64,32,23,176.0,0,0.079319604,0.28,0.719,9.39,0.5169230769230769,17,10,10.4,6,13.0
28,Michael Carter,ARI,3,35.8,11.93,35,131.0,1,3.74,11,11,57.0,0,0.11395275,0.251,1.0,6.64,0.6166666666666667,3,0,,0,
29,Rhamondre Stevenson,NE,15,175.9,11.73,207,801.0,7,3.87,41,33,168.0,1,0.09772809,0.289,0.805,7.18,0.6153333333333334,12,9,16.4,3,12.5
30,Brian Robinson,WAS,14,159.8,11.41,187,799.0,8,4.27,25,20,159.0,0,0.06974963,0.242,0.8,8.95,,13,4,5.9,0,0.0
31,Austin Ekeler,WAS,12,132.3,11.03,77,367.0,4,4.77,41,35,366.0,0,0.12167286,0.172,0.854,12.11,0.5266666666666667,5,0,,0,
32,Zach Charbonnet,SEA,17,183.7,10.81,135,569.0,8,4.21,52,42,308.0,1,0.10635505,0.2,0.808,8.21,0.5270588235294118,13,0,,0,
33,Tyrone Tracy,NYG,17,182.3,10.72,192,839.0,5,4.37,53,38,284.0,1,0.098014235,0.247,0.717,7.39,,0,5,11.4,2,8.3
34,Zack Moss,CIN,8,81.9,10.24,74,242.0,2,3.27,27,23,187.0,1,0.10509054,0.232,0.852,8.43,0.6175,8,3,2.6,1,1.5
35,Alexander Mattison,LV,14,137.4,9.81,132,420.0,4,3.18,48,36,294.0,1,0.11766585,0.226,0.75,8.72,0.4907142857142857,13,0,,0,
36,Ameer Abdullah,LV,13,125.2,9.63,66,311.0,2,4.71,47,40,261.0,3,0.09990651,0.143,0.851,6.3,0.369375,4,6,10.7,4,14.3
37,Jordan Mason,SF,12,115.0,9.58,153,789.0,3,5.16,14,11,91.0,0,0.061384387,0.239,0.786,5.36,0.4866666666666666,9,0,,0,
38,Jerome Ford,CLE,14,134.0,9.57,104,565.0,3,5.43,43,37,225.0,0,0.100346744,0.179,0.86,7.95,0.54,3,0,,0,
39,Tyjae Spears,TEN,12,113.6,9.47,84,312.0,4,3.71,35,30,224.0,1,0.11910981,0.181,0.857,8.5,0.4275,4,0,,0,
40,Javonte Williams,DEN,17,157.9,9.29,139,513.0,4,3.69,70,52,346.0,0,0.12767917,0.208,0.743,7.6,0.521764705882353,10,4,6.1,1,3.3
41,Travis Etienne,JAX,15,130.2,8.68,150,558.0,2,3.72,52,39,254.0,0,0.11049373,0.248,0.75,7.59,0.5393333333333333,5,5,8.5,2,6.7
42,Tank Bigsby,JAX,15,129.0,8.6,168,766.0,7,4.56,12,7,54.0,0,0.044621367,0.213,0.583,9.14,0.36125,11,0,,0,
43,Justice Hill,BAL,15,127.1,8.47,47,228.0,1,4.85,51,42,383.0,3,0.13040476,0.113,0.824,10.43,0.4173333333333333,1,8,13.1,2,6.7
44,Jaylen Warren,PIT,15,124.1,8.27,120,511.0,1,4.26,47,38,310.0,0,0.11745066,0.19,0.809,8.29,0.4493333333333333,4,6,10.5,1,4.0
45,Isiah Pacheco,KC,7,56.899998,8.13,83,310.0,1,3.73,16,12,79.0,0,0.08948866,0.243,0.75,9.92,0.4757142857142857,3,2,1.0,2,2.2
46,Nick Chubb,CLE,8,63.3,7.91,102,332.0,3,3.25,11,5,31.0,1,0.03763163,0.224,0.455,6.2,0.4125,6,0,,0,
47,Isaac Guerendo,SF,13,96.2,7.4,84,420.0,4,5.0,16,15,152.0,0,0.094691336,0.137,0.938,7.13,0.229375,5,0,,0,
48,Ray Davis,BUF,16,116.1,7.26,113,442.0,3,3.91,19,17,189.0,3,0.058956403,0.144,0.895,9.65,0.2435294117647058,3,2,3.4,2,7.1
49,Miles Sanders,CAR,11,77.3,7.03,55,205.0,2,3.73,30,24,148.0,1,0.097160645,0.138,0.8,6.25,0.3336363636363636,2,0,,0,
50,Sincere McCormick,LV,4,27.2,6.8,39,183.0,0,4.69,7,6,29.0,0,0.06778712,0.195,0.857,4.83,0.26,2,0,,0,
51,Roschon Johnson,CHI,12,77.4,6.45,55,150.0,6,2.73,20,16,104.0,0,0.09166796,0.105,0.8,6.0,0.2814285714285714,9,0,,0,
52,Devin Singletary,NYG,15,96.6,6.44,113,437.0,4,3.87,24,21,119.0,0,0.061069403,0.162,0.875,8.48,0.3893333333333333,5,0,,0,
53,Cam Akers,MIN,10,62.9,6.29,64,297.0,1,4.64,11,10,52.0,2,0.051892012,0.131,0.909,7.2,0.2233333333333333,4,4,,4,
54,Sean Tucker,TB,11,68.7,6.25,50,308.0,2,6.16,12,9,109.0,1,0.042382933,0.086,0.75,11.67,0.0923529411764706,3,0,,0,
55,Tyler Allgeier,ATL,17,106.2,6.25,137,644.0,3,4.7,13,13,88.0,0,0.04049295,0.144,1.0,7.15,0.2494117647058823,7,0,,0,
56,Antonio Gibson,NE,17,103.4,6.08,120,538.0,1,4.48,29,23,206.0,0,0.07675144,0.162,0.793,9.26,0.3329411764705882,3,0,,0,
57,Jaleel McLaughlin,DEN,16,97.2,6.07,113,496.0,1,4.39,27,24,76.0,2,0.0699516,0.144,0.889,6.96,0.281875,3,3,4.5,2,6.7
58,Cam Akers,HOU,5,30.3,6.06,40,147.0,1,3.68,7,4,16.0,1,0.06163116,0.131,0.571,2.75,0.2779999999999999,4,4,,4,
59,Patrick Taylor,SF,5,29.8,5.96,39,183.0,1,4.69,11,3,25.0,0,0.07646795,0.16,0.273,6.33,0.1961538461538461,4,0,,0,
60,Raheem Mostert,MIA,12,70.9,5.91,85,278.0,2,3.27,23,19,161.0,0,0.06966879,0.147,0.826,7.68,0.3138461538461538,4,0,,0,
61,Gus Edwards,LAC,11,64.1,5.83,101,365.0,4,3.61,5,3,6.0,0,0.04402778,0.181,0.6,3.67,0.3472727272727272,7,0,,0,
62,Emanuel Wilson,GB,17,96.0,5.65,103,502.0,4,4.87,14,11,48.0,1,0.05557622,0.115,0.786,9.0,0.2341176470588235,5,0,,0,
63,Ty Johnson,BUF,17,91.7,5.39,41,213.0,1,5.2,25,18,284.0,3,0.06619971,0.066,0.72,9.44,0.2876470588235293,2,6,10.3,1,3.6
64,Chris Rodriguez,WAS,6,31.5,5.25,35,173.0,2,4.94,1,1,12.0,0,0.028571429,0.092,1.0,11.0,0.1177777777777777,0,0,,0,
65,Isaiah Davis,NYJ,9,45.9,5.1,30,174.0,1,5.8,12,9,75.0,1,0.06621378,0.081,0.75,8.33,0.0999999999999999,0,3,3.5,1,2.4
66,Braelon Allen,NYJ,17,85.200005,5.01,92,334.0,2,3.63,27,19,148.0,1,0.05851024,0.123,0.704,8.58,0.26,2,0,,0,
67,Tyler Goodson,IND,9,44.4,4.93,32,153.0,1,4.78,15,11,61.0,1,0.06784467,0.085,0.733,6.09,0.12625,1,0,,0,
68,Kendre Miller,NO,6,29.099998,4.85,39,148.0,1,3.79,8,5,33.0,0,0.04890085,0.148,0.625,6.6,0.2799999999999999,0,0,,0,
69,Dameon Pierce,HOU,9,43.5,4.83,40,293.0,2,7.32,4,2,2.0,0,0.04466322,0.086,0.5,2.5,0.1636363636363636,0,0,,0,
70,Samaje Perine,KC,17,81.4,4.79,20,92.0,1,4.6,35,28,322.0,1,0.06418654,0.054,0.8,11.18,0.2582352941176471,1,0,,0,
71,Jeremy McNichols,WAS,14,63.8,4.56,55,261.0,4,4.75,12,9,27.0,0,0.06309274,0.077,0.75,3.67,0.2141176470588235,3,0,,0,
72,Khalil Herbert,CIN,5,21.5,4.3,28,114.0,0,4.07,9,8,21.0,0,0.09858443,0.09,0.889,4.75,0.1875,4,0,,0,
73,Emari Demercado,ARI,13,54.7,4.21,24,223.0,1,9.29,20,16,104.0,0,0.08117437,0.06,0.8,5.94,0.2030769230769231,0,0,,0,
74,Trey Benson,ARI,12,47.0,3.92,63,291.0,1,4.62,6,6,59.0,0,0.048431564,0.101,1.0,13.0,0.1669230769230769,1,0,,0,
75,Kenneth Gainwell,PHI,16,62.6,3.91,75,290.0,1,3.87,22,16,116.0,0,0.060475558,0.098,0.727,6.75,0.26,0,3,5.6,0,0.0
76,Trey Sermon,IND,14,53.8,3.84,56,159.0,2,2.84,19,16,99.0,0,0.054116946,0.088,0.842,6.19,0.2205882352941176,7,0,,0,
77,Christopher Brooks,GB,11,42.2,3.84,36,183.0,1,5.08,13,11,69.0,0,0.061896738,0.075,0.846,8.64,,0,0,,0,
78,Ezekiel Elliott,DAL,15,57.5,3.83,74,226.0,3,3.05,15,12,69.0,0,0.04345484,0.099,0.8,8.08,0.2526666666666666,5,0,,0,
79,Audric Estime,DEN,13,48.7,3.75,76,310.0,2,4.08,5,5,27.0,0,0.052419353,0.105,1.0,7.4,0.1661538461538461,0,0,,0,
80,Dare Ogunbowale,HOU,15,56.0,3.73,30,112.0,0,3.73,28,19,198.0,1,0.07064775,0.065,0.679,8.84,0.2764705882352941,0,5,7.8,3,8.3
81,Jordan Mims,NO,7,26.1,3.73,20,70.0,0,3.5,18,12,71.0,0,0.11977059,0.099,0.667,6.67,0.1518181818181818,0,0,,0,
82,Zamir White,LV,8,29.3,3.66,65,183.0,1,2.82,8,6,30.0,0,0.0609623,0.169,0.75,8.33,0.305,2,0,,0,
83,Ronnie Rivers,LA,5,18.3,3.66,22,99.0,0,4.5,6,5,34.0,0,0.08101852,0.096,0.833,11.6,0.0735294117647058,0,0,,0,
84,Kimani Vidal,LAC,9,32.7,3.63,43,155.0,0,3.6,9,5,62.0,1,0.053955186,0.105,0.556,7.4,0.277,0,0,,0,
85,Khalil Herbert,CHI,3,9.999999,3.33,8,16.0,1,2.0,2,2,4.0,0,0.05882353,0.09,1.0,3.0,0.065,4,0,,0,
86,D'Onta Foreman,CLE,10,32.6,3.26,71,232.0,0,3.27,8,6,54.0,0,0.043506417,0.138,0.75,8.0,0.2672727272727273,6,0,,0,
87,Jamycal Hasty,NE,9,28.8,3.2,20,69.0,0,3.45,12,10,59.0,1,0.059638064,0.064,0.833,7.2,0.112,0,0,,0,
88,Kenny McIntosh,SEA,7,22.4,3.2,31,172.0,0,5.55,4,3,22.0,0,0.043270692,0.095,0.75,5.67,0.0747058823529411,0,0,,0,
89,Pierre Strong,CLE,11,35.2,3.2,26,108.0,0,4.15,22,14,104.0,0,0.06869578,0.073,0.636,8.79,0.1921428571428571,0,0,,0,
90,Will Shipley,PHI,5,15.7,3.14,30,82.0,0,2.73,4,4,35.0,0,0.09756097,0.111,1.0,7.0,0.06,0,0,,0,
91,Tyler Badie,DEN,3,9.400001,3.13,11,86.0,0,7.82,3,3,-2.0,0,0.055151515,0.079,1.0,1.33,0.1066666666666666,0,0,,0,
92,DeeJay Dallas,ARI,7,21.0,3.0,9,49.0,0,5.44,3,3,11.0,1,0.029318327,0.029,1.0,6.67,0.0458823529411764,0,0,,0,
93,Craig Reynolds,DET,7,20.9,2.99,31,139.0,0,4.48,5,3,40.0,0,0.051452022,0.083,0.6,14.0,0.0852941176470588,0,0,,0,
94,D'Ernest Johnson,JAX,12,35.9,2.99,32,143.0,0,4.47,19,12,96.0,0,0.07611139,0.077,0.632,8.42,0.2292857142857143,1,0,,0,
95,Hassan Haskins,LAC,11,32.8,2.98,34,89.0,2,2.62,3,3,49.0,1,0.045833334,0.051,1.0,14.0,0.1141176470588235,8,0,,0,
96,Cordarrelle Patterson,PIT,13,37.5,2.88,32,135.0,0,4.22,14,12,80.0,1,0.0665887,0.06,0.857,4.67,0.1261538461538461,1,0,,0,
97,Jamaal Williams,NO,13,37.100002,2.85,48,164.0,1,3.42,11,9,57.0,0,0.053805385,0.079,0.818,5.89,0.1992857142857143,1,0,,0,
98,Ty Chandler,MIN,10,28.4,2.84,56,182.0,0,3.25,6,6,42.0,0,0.07963347,0.113,1.0,8.83,0.1394117647058823,0,0,,0,
99,Raheem Blackshear,CAR,3,8.0,2.67,15,80.0,0,5.33,0,0,0.0,0,,0.113,,,0.071875,0,0,,0,
100,Jonathon Brooks,CAR,3,7.4999995,2.5,9,22.0,0,2.44,3,3,23.0,0,0.07317073,0.066,1.0,10.33,0.11,1,0,,0,
101,Blake Corum,LA,14,33.5,2.39,58,207.0,0,3.57,8,7,58.0,0,0.04196382,0.083,0.875,9.29,0.1117647058823529,5,0,,0,
102,Deuce Vaughn,DAL,5,11.8,2.36,17,70.0,0,4.12,5,3,18.0,0,0.033809092,0.065,0.6,4.33,0.0971428571428571,1,0,,0,
103,J.J. Taylor,HOU,3,6.3999996,2.13,10,44.0,0,4.4,3,2,0.0,0,0.036076326,0.069,0.667,0.5,0.09,0,0,,0,
104,Jaylen Wright,MIA,13,26.7,2.05,68,249.0,0,3.66,6,3,8.0,0,0.041964285,0.094,0.5,2.67,0.1699999999999999,0,0,,0,
105,Sione Vaki,DET,4,8.1,2.03,6,14.0,0,2.33,3,3,37.0,0,0.040683962,0.032,1.0,6.67,0.021875,0,0,,0,
106,Carson Steele,KC,12,23.9,1.99,56,183.0,0,3.27,11,7,26.0,0,0.06612175,0.106,0.636,6.14,0.1876470588235294,4,0,,0,
107,Eric Gray,NYG,10,19.3,1.93,14,31.0,0,2.21,11,10,82.0,0,0.049831443,0.043,0.909,10.3,0.0952941176470588,3,0,,0,
108,Julius Chestnut,TEN,7,13.3,1.9,22,102.0,0,4.64,3,2,11.0,0,0.033216376,0.056,0.667,7.0,0.0711764705882352,1,0,,0,
109,Travis Homer,CHI,4,6.3999996,1.6,6,23.0,0,3.83,3,3,11.0,0,0.125,0.043,1.0,3.33,0.116,0,0,,0,
110,Jeffery Wilson,MIA,7,10.599999,1.51,16,57.0,0,3.56,3,3,19.0,0,0.03813814,0.047,1.0,6.33,,0,0,,0,
111,Mike Boone,CAR,5,5.9,1.18,13,51.0,0,3.92,3,1,-2.0,0,0.05974026,0.067,0.333,2.0,0.12,0,0,,0,
112,Rasheen Ali,BAL,4,3.1,0.77,10,31.0,0,3.1,2,0,0.0,0,0.06666667,0.052,0.0,,0.0783333333333333,0,0,,0,
113,Aaron Shampklin,PIT,3,1.6999999,0.57,6,17.0,0,2.83,0,0,0.0,0,,0.037,,,0.1466666666666666,1,0,,0,
