team,pass_attempts,rush_attempts,total_plays,pass_rate,run_rate
CIN,652,380,1032,0.632,0.368
CLE,661,391,1052,0.628,0.372
NYJ,607,363,970,0.626,0.374
LV,635,380,1015,0.626,0.374
SEA,593,383,976,0.608,0.392
DAL,637,429,1066,0.598,0.402
NYG,591,424,1015,0.582,0.418
CAR,547,410,957,0.572,0.428
KC,600,450,1050,0.571,0.429
JAX,546,414,960,0.569,0.431
MIA,591,448,1039,0.569,0.431
HOU,570,434,1004,0.568,0.432
CHI,566,431,997,0.568,0.432
LA,559,450,1009,0.554,0.446
NO,551,444,995,0.554,0.446
DEN,570,461,1031,0.553,0.447
MIN,548,457,1005,0.545,0.455
NE,529,446,975,0.543,0.457
TB,571,483,1054,0.542,0.458
TEN,530,450,980,0.541,0.459
ARI,543,463,1006,0.54,0.46
SF,533,457,990,0.538,0.462
ATL,559,495,1054,0.53,0.47
LAC,510,463,973,0.524,0.476
BUF,520,491,1011,0.514,0.486
IND,513,496,1009,0.508,0.492
DET,551,534,1085,0.508,0.492
WAS,525,526,1051,0.5,0.5
PIT,499,533,1032,0.484,0.516
GB,479,526,1005,0.477,0.523
BAL,477,554,1031,0.463,0.537
PHI,448,621,1069,0.419,0.581
