rank,player_display_name,recent_team,games,carries,rushing_yards,rushing_tds,ypc,targets,receptions,receiving_yards,receiving_tds,target_share,catch_rate,yac_per_rec,avg_snap_pct,fppg,fppg_ppr
1,Saquon Barkley,PHI,20,436,2504.0,18,5.74,58,46,353.0,2,0.12987283,0.793,7.33,0.751,20.49,22.79
2,Jahmyr Gibbs,DET,18,264,1517.0,18,5.75,74,58,567.0,3,0.1387309,0.784,10.76,0.5638888888888889,18.47,21.69
3,Bijan Robinson,ATL,17,304,1456.0,14,4.79,72,61,431.0,1,0.14079246,0.847,8.7,0.7535294117647059,16.51,20.1
4,Derrick Henry,BAL,19,367,2191.0,19,5.97,24,19,193.0,2,0.069837466,0.792,11.37,0.5768421052631578,19.07,20.07
5,Alvin Kamara,NO,14,228,950.0,6,4.17,89,68,543.0,2,0.212745,0.764,7.97,0.7085714285714285,14.09,18.95
6,Devon Achane,MIA,17,203,907.0,6,4.47,87,78,592.0,6,0.16224483,0.897,8.53,,13.05,17.64
7,Jonathan Taylor,IND,14,303,1431.0,11,4.72,31,18,136.0,1,0.094797306,0.581,8.33,0.8028571428571428,16.34,17.62
8,Josh Jacobs,GB,18,319,1410.0,16,4.42,46,39,382.0,1,0.10775133,0.848,11.21,0.6333333333333333,15.29,17.46
9,Joe Mixon,HOU,16,288,1210.0,13,4.2,57,39,334.0,1,0.12552884,0.684,9.85,0.6175,14.77,17.21
10,James Cook,BUF,19,260,1281.0,19,4.93,44,38,322.0,2,0.09925134,0.864,8.84,0.47631578947368425,15.07,17.07
11,Kyren Williams,LA,18,351,1481.0,14,4.22,45,38,197.0,3,0.09441008,0.844,5.68,0.8716666666666666,14.54,16.66
12,Kenneth Walker,SEA,11,153,573.0,7,3.75,53,46,299.0,1,0.1367009,0.868,7.89,,12.29,16.47
13,Chuba Hubbard,CAR,15,250,1195.0,10,4.78,54,43,171.0,1,0.14937265,0.796,5.7,0.7733333333333333,13.24,16.11
14,Chase Brown,CIN,16,229,990.0,7,4.32,65,54,360.0,4,0.11445521,0.831,6.04,0.6275000000000001,12.56,15.94
15,James Conner,ARI,16,236,1094.0,8,4.64,55,47,414.0,1,0.114758626,0.855,10.28,0.60625,12.93,15.86
16,Breece Hall,NYJ,16,209,876.0,5,4.19,76,57,483.0,3,0.14129674,0.75,8.7,0.72375,11.49,15.06
17,David Montgomery,DET,15,192,803.0,12,4.18,38,36,341.0,0,0.090688474,0.947,10.14,0.4073333333333334,12.62,15.02
18,Bucky Irving,TB,18,224,1199.0,8,5.35,54,49,398.0,1,0.09816663,0.907,11.02,0.4577777777777778,11.76,14.48
19,Aaron Jones,MIN,18,268,1186.0,5,4.43,68,54,420.0,2,0.123298325,0.794,7.94,0.6372222222222222,10.92,13.92
20,J.K. Dobbins,LAC,14,204,931.0,9,4.56,39,32,153.0,0,0.10088221,0.821,6.38,0.6321428571428571,11.6,13.89
21,Rachaad White,TB,16,145,614.0,3,4.23,59,53,407.0,6,0.11328985,0.898,9.92,0.5547058823529412,9.38,12.69
22,D'Andre Swift,CHI,17,253,959.0,6,3.79,52,42,386.0,0,0.10742056,0.808,9.64,0.668235294117647,10.15,12.62
23,Tony Pollard,TEN,16,260,1079.0,5,4.15,57,41,238.0,0,0.13905226,0.719,5.39,0.678125,9.98,12.54
24,Rico Dowdle,DAL,16,235,1079.0,2,4.59,49,39,249.0,3,0.08399517,0.796,6.97,0.575,9.93,12.36
25,Christian McCaffrey,SF,4,50,202.0,0,4.04,19,15,146.0,0,0.17869264,0.789,6.53,0.7224999999999999,8.2,11.95
26,Michael Carter,ARI,3,35,131.0,1,3.74,11,11,57.0,0,0.11395275,1.0,6.64,0.6166666666666667,8.27,11.93
27,Najee Harris,PIT,18,269,1060.0,6,3.94,51,39,324.0,0,0.111934796,0.765,9.69,0.4977777777777778,9.69,11.86
28,Rhamondre Stevenson,NE,15,207,801.0,7,3.87,41,33,168.0,1,0.09772809,0.805,7.18,0.6153333333333334,9.53,11.73
29,Kareem Hunt,KC,16,228,845.0,9,3.71,35,26,189.0,0,0.07038803,0.743,8.88,0.498125,9.84,11.46
30,Brian Robinson,WAS,17,223,928.0,10,4.16,30,24,181.0,0,0.076403506,0.8,8.62,,9.82,11.23
31,Zach Charbonnet,SEA,17,135,569.0,8,4.21,52,42,308.0,1,0.10635505,0.808,8.21,0.5270588235294118,8.34,10.81
32,Tyrone Tracy,NYG,17,192,839.0,5,4.37,53,38,284.0,1,0.098014235,0.717,7.39,,8.49,10.72
33,Austin Ekeler,WAS,15,99,456.0,4,4.61,56,47,450.0,0,0.1247961,0.839,10.94,0.5166666666666667,7.51,10.64
34,Zack Moss,CIN,8,74,242.0,2,3.27,27,23,187.0,1,0.10509054,0.852,8.43,0.6175,7.36,10.24
35,Alexander Mattison,LV,14,132,420.0,4,3.18,48,36,294.0,1,0.11766585,0.75,8.72,0.4907142857142857,7.24,9.81
36,Ameer Abdullah,LV,13,66,311.0,2,4.71,47,40,261.0,3,0.09990651,0.851,6.3,0.369375,6.55,9.63
37,Jordan Mason,SF,12,153,789.0,3,5.16,14,11,91.0,0,0.061384387,0.786,5.36,0.48666666666666664,8.67,9.58
38,Jerome Ford,CLE,14,104,565.0,3,5.43,43,37,225.0,0,0.100346744,0.86,7.95,0.54,6.93,9.57
39,Tyjae Spears,TEN,12,84,312.0,4,3.71,35,30,224.0,1,0.11910981,0.857,8.5,0.4275,6.97,9.47
40,Javonte Williams,DEN,18,146,542.0,4,3.71,72,54,360.0,0,0.1254168,0.75,7.56,0.5338888888888889,6.12,9.12
41,Travis Etienne,JAX,15,150,558.0,2,3.72,52,39,254.0,0,0.11049373,0.75,7.59,0.5393333333333333,6.08,8.68
42,Justice Hill,BAL,17,59,290.0,1,4.92,57,48,403.0,4,0.1321528,0.842,9.75,0.41529411764705887,5.84,8.66
43,Tank Bigsby,JAX,15,168,766.0,7,4.56,12,7,54.0,0,0.044621367,0.583,9.14,0.36125,8.13,8.6
44,Jaylen Warren,PIT,16,122,517.0,1,4.24,52,42,329.0,0,0.122129224,0.808,8.17,0.455,5.54,8.16
45,Nick Chubb,CLE,8,102,332.0,3,3.25,11,5,31.0,1,0.03763163,0.455,6.2,0.4125,7.29,7.91
46,Isaac Guerendo,SF,13,84,420.0,4,5.0,16,15,152.0,0,0.094691336,0.938,7.13,0.229375,6.25,7.4
47,Miles Sanders,CAR,11,55,205.0,2,3.73,30,24,148.0,1,0.097160645,0.8,6.25,0.3336363636363636,4.85,7.03
48,Sincere McCormick,LV,4,39,183.0,0,4.69,7,6,29.0,0,0.06778712,0.857,4.83,0.26,5.3,6.8
49,Ray Davis,BUF,19,120,478.0,4,3.98,19,17,189.0,3,0.058956403,0.895,9.65,0.2225,5.72,6.62
50,Isiah Pacheco,KC,10,96,347.0,1,3.61,21,15,96.0,0,0.080122076,0.714,9.2,0.434,5.03,6.53
51,Roschon Johnson,CHI,12,55,150.0,6,2.73,20,16,104.0,0,0.09166796,0.8,6.0,0.2814285714285714,5.12,6.45
52,Devin Singletary,NYG,15,113,437.0,4,3.87,24,21,119.0,0,0.061069403,0.875,8.48,0.3893333333333333,5.04,6.44
53,Sean Tucker,TB,11,50,308.0,2,6.16,12,9,109.0,1,0.042382933,0.75,11.67,0.08722222222222223,5.43,6.25
54,Tyler Allgeier,ATL,17,137,644.0,3,4.7,13,13,88.0,0,0.04049295,1.0,7.15,0.24941176470588236,5.48,6.25
55,Antonio Gibson,NE,17,120,538.0,1,4.48,29,23,206.0,0,0.07675144,0.793,9.26,0.33294117647058824,4.73,6.08
56,Cam Akers,MIN,11,69,336.0,1,4.87,11,10,52.0,2,0.051892012,0.909,7.2,0.21846153846153846,5.16,6.07
57,Cam Akers,HOU,5,40,147.0,1,3.68,7,4,16.0,1,0.06163116,0.571,2.75,0.27799999999999997,5.26,6.06
58,Patrick Taylor,SF,5,39,183.0,1,4.69,11,3,25.0,0,0.07646795,0.273,6.33,0.19615384615384615,5.36,5.96
59,Raheem Mostert,MIA,12,85,278.0,2,3.27,23,19,161.0,0,0.06966879,0.826,7.68,0.31384615384615383,4.33,5.91
60,Jaleel McLaughlin,DEN,17,115,494.0,1,4.3,28,25,76.0,2,0.067915194,0.893,6.76,0.27647058823529413,4.29,5.76
61,Ty Johnson,BUF,20,61,307.0,1,5.03,29,22,318.0,4,0.063779585,0.759,8.36,0.3045,4.62,5.72
62,Emanuel Wilson,GB,18,106,508.0,4,4.79,17,12,71.0,1,0.0591095,0.706,10.75,0.23055555555555557,4.88,5.55
63,Gus Edwards,LAC,12,108,387.0,4,3.58,5,3,6.0,0,0.04402778,0.6,3.67,0.33,5.27,5.53
64,Chris Rodriguez,WAS,6,35,173.0,2,4.94,1,1,12.0,0,0.028571429,1.0,11.0,0.11777777777777779,5.08,5.25
65,Isaiah Davis,NYJ,9,30,174.0,1,5.8,12,9,75.0,1,0.06621378,0.75,8.33,0.09999999999999999,4.1,5.1
66,Braelon Allen,NYJ,17,92,334.0,2,3.63,27,19,148.0,1,0.05851024,0.704,8.58,0.26,3.89,5.01
67,Tyler Goodson,IND,9,32,153.0,1,4.78,15,11,61.0,1,0.06784467,0.733,6.09,0.12625,3.71,4.93
68,Will Shipley,PHI,6,34,159.0,1,4.68,4,4,35.0,0,0.09756097,1.0,7.0,0.05500000000000001,4.23,4.9
69,Kendre Miller,NO,6,39,148.0,1,3.79,8,5,33.0,0,0.04890085,0.625,6.6,0.27999999999999997,4.02,4.85
70,Jeremy McNichols,WAS,16,60,270.0,5,4.5,12,9,27.0,0,0.06309274,0.75,3.67,0.198,3.86,4.42
71,Khalil Herbert,CIN,5,28,114.0,0,4.07,9,8,21.0,0,0.09858443,0.889,4.75,0.1875,2.7,4.3
72,Samaje Perine,KC,20,21,100.0,1,4.76,38,29,339.0,1,0.05999481,0.763,11.38,0.2575,2.8,4.25
73,Emari Demercado,ARI,13,24,223.0,1,9.29,20,16,104.0,0,0.08117437,0.8,5.94,0.2030769230769231,2.98,4.21
74,Dameon Pierce,HOU,11,46,318.0,2,6.91,5,2,2.0,0,0.04242599,0.4,2.5,0.16076923076923075,4.0,4.18
75,Trey Benson,ARI,12,63,291.0,1,4.62,6,6,59.0,0,0.048431564,1.0,13.0,0.16692307692307692,3.42,3.92
76,Trey Sermon,IND,14,56,159.0,2,2.84,19,16,99.0,0,0.054116946,0.842,6.19,0.22058823529411764,2.7,3.84
77,Ezekiel Elliott,DAL,15,74,226.0,3,3.05,15,12,69.0,0,0.04345484,0.8,8.08,0.25266666666666665,3.03,3.83
78,Christopher Brooks,GB,12,36,183.0,1,5.08,16,13,78.0,0,0.06512033,0.812,8.69,,2.67,3.76
79,Audric Estime,DEN,13,76,310.0,2,4.08,5,5,27.0,0,0.052419353,1.0,7.4,0.16615384615384615,3.36,3.75
80,Jordan Mims,NO,7,20,70.0,0,3.5,18,12,71.0,0,0.11977059,0.667,6.67,0.15181818181818182,2.01,3.73
81,Zamir White,LV,8,65,183.0,1,2.82,8,6,30.0,0,0.0609623,0.75,8.33,0.305,2.91,3.66
82,Kimani Vidal,LAC,9,43,155.0,0,3.6,9,5,62.0,1,0.053955186,0.556,7.4,0.277,3.08,3.63
83,Kenneth Gainwell,PHI,20,88,332.0,1,3.77,25,19,142.0,0,0.061249446,0.76,7.47,0.24047619047619045,2.67,3.62
84,Dare Ogunbowale,HOU,17,32,126.0,0,3.94,29,20,198.0,1,0.06796056,0.69,8.7,0.27473684210526317,2.26,3.44
85,Khalil Herbert,CHI,3,8,16.0,1,2.0,2,2,4.0,0,0.05882353,1.0,3.0,0.065,2.67,3.33
86,D'Onta Foreman,CLE,10,71,232.0,0,3.27,8,6,54.0,0,0.043506417,0.75,8.0,0.2672727272727273,2.66,3.26
87,Jamycal Hasty,NE,9,20,69.0,0,3.45,12,10,59.0,1,0.059638064,0.833,7.2,0.11200000000000002,2.09,3.2
88,Kenny McIntosh,SEA,7,31,172.0,0,5.55,4,3,22.0,0,0.043270692,0.75,5.67,0.07470588235294118,2.77,3.2
89,Pierre Strong,CLE,11,26,108.0,0,4.15,22,14,104.0,0,0.06869578,0.636,8.79,0.19214285714285714,1.93,3.2
90,Ronnie Rivers,LA,6,25,107.0,0,4.28,6,5,34.0,0,0.08101852,0.833,11.6,0.07263157894736842,2.35,3.18
91,DeeJay Dallas,ARI,7,9,49.0,0,5.44,3,3,11.0,1,0.029318327,1.0,6.67,0.04588235294117647,2.57,3.0
92,D'Ernest Johnson,JAX,12,32,143.0,0,4.47,19,12,96.0,0,0.07611139,0.632,8.42,0.2292857142857143,1.99,2.99
93,Craig Reynolds,DET,7,31,139.0,0,4.48,5,3,40.0,0,0.051452022,0.6,14.0,0.0811111111111111,2.56,2.99
94,Cordarrelle Patterson,PIT,13,32,135.0,0,4.22,14,12,80.0,1,0.0665887,0.857,4.67,0.11714285714285715,1.96,2.88
95,Jamaal Williams,NO,13,48,164.0,1,3.42,11,9,57.0,0,0.053805385,0.818,5.89,0.1992857142857143,2.16,2.85
96,Ty Chandler,MIN,10,56,182.0,0,3.25,6,6,42.0,0,0.07963347,1.0,8.83,0.13444444444444445,2.24,2.84
97,Hassan Haskins,LAC,12,35,94.0,2,2.69,4,3,49.0,1,0.04097222,0.75,14.0,0.12166666666666666,2.52,2.77
98,Raheem Blackshear,CAR,3,15,80.0,0,5.33,0,0,0.0,0,,,,0.07187500000000001,2.67,2.67
99,Tyler Badie,DEN,4,13,94.0,0,7.23,3,3,-2.0,0,0.055151515,1.0,1.33,0.0975,1.8,2.55
100,Jonathon Brooks,CAR,3,9,22.0,0,2.44,3,3,23.0,0,0.07317073,1.0,10.33,0.11,1.5,2.5
101,Blake Corum,LA,14,58,207.0,0,3.57,8,7,58.0,0,0.04196382,0.875,9.29,0.11176470588235295,1.89,2.39
102,Deuce Vaughn,DAL,5,17,70.0,0,4.12,5,3,18.0,0,0.033809092,0.6,4.33,0.09714285714285716,1.76,2.36
103,J.J. Taylor,HOU,3,10,44.0,0,4.4,3,2,0.0,0,0.036076326,0.667,0.5,0.09,1.47,2.13
104,Jaylen Wright,MIA,13,68,249.0,0,3.66,6,3,8.0,0,0.041964285,0.5,2.67,0.16999999999999998,1.82,2.05
105,Sione Vaki,DET,4,6,14.0,0,2.33,3,3,37.0,0,0.040683962,1.0,6.67,0.020588235294117647,1.27,2.03
106,Carson Steele,KC,12,56,183.0,0,3.27,11,7,26.0,0,0.06612175,0.636,6.14,0.168,1.41,1.99
107,Eric Gray,NYG,10,14,31.0,0,2.21,11,10,82.0,0,0.049831443,0.909,10.3,0.09529411764705883,0.93,1.93
108,Julius Chestnut,TEN,7,22,102.0,0,4.64,3,2,11.0,0,0.033216376,0.667,7.0,0.07117647058823529,1.61,1.9
109,Travis Homer,CHI,4,6,23.0,0,3.83,3,3,11.0,0,0.125,1.0,3.33,0.11600000000000002,0.85,1.6
110,Jeffery Wilson,MIA,7,16,57.0,0,3.56,3,3,19.0,0,0.03813814,1.0,6.33,,1.09,1.51
111,Mike Boone,CAR,5,13,51.0,0,3.92,3,1,-2.0,0,0.05974026,0.333,2.0,0.12,0.98,1.18
112,Rasheen Ali,BAL,4,10,31.0,0,3.1,2,0,0.0,0,0.06666667,0.0,,0.07833333333333334,0.77,0.77
113,Aaron Shampklin,PIT,3,6,17.0,0,2.83,0,0,0.0,0,,,,0.14666666666666667,0.57,0.57
