rank,player_display_name,recent_team,games,targets,receptions,receiving_yards,receiving_tds,target_share,air_yards_share,wopr,racr,adot,catch_rate,yards_per_target,yac_per_rec,avg_snap_pct,fppg,fppg_ppr
1,Ja'Marr Chase,CIN,17,175,127,1708.0,17,0.2723131,0.32667574,0.63714266,1.2169496,8.72,0.726,9.76,6.2,0.9229411764705882,16.24,23.71
2,Rashee Rice,KC,3,29,24,288.0,2,0.32769728,0.37337604,0.7529091,1.9077841,5.21,0.828,9.93,7.75,0.6025,13.63,21.63
3,Chris Godwin,TB,7,62,50,576.0,5,0.28165284,0.2962417,0.6298484,1.7208265,5.74,0.806,9.29,7.0,0.87,12.54,19.69
4,Amon-Ra St. Brown,DET,18,151,123,1400.0,12,0.26667872,0.30568275,0.613996,1.2626334,7.75,0.815,9.27,3.85,0.8872222222222222,11.94,18.77
5,Tee Higgins,CIN,12,109,73,911.0,10,0.2610053,0.34545982,0.63332987,0.89258546,9.79,0.67,8.36,3.12,0.7908333333333334,12.43,18.51
6,Justin Jefferson,MIN,18,162,108,1591.0,10,0.29509214,0.37875527,0.70776683,0.95263875,11.3,0.667,9.82,4.61,0.931111111111111,12.24,18.24
7,Malik Nabers,NYG,15,170,109,1204.0,7,0.35704067,0.46515116,0.8611668,0.8644495,9.46,0.641,7.08,4.24,0.906,10.97,18.24
8,Puka Nacua,LA,13,129,90,1131.0,3,0.32595003,0.3064113,0.70341295,2.4920373,8.11,0.698,8.77,6.41,0.7238461538461538,10.95,17.88
9,Davante Adams,NYJ,11,114,67,854.0,7,0.3078814,0.35075095,0.7073478,1.3526444,7.98,0.588,7.49,6.39,0.9081818181818182,11.76,17.85
10,Nico Collins,HOU,14,115,80,1209.0,8,0.24859858,0.34882575,0.6170759,0.9785761,11.28,0.696,10.51,5.4,0.6892857142857143,12.06,17.78
11,CeeDee Lamb,DAL,15,152,101,1194.0,6,0.2824527,0.30215693,0.63518894,1.0690936,7.83,0.664,7.86,5.32,0.8019999999999999,10.83,17.56
12,Mike Evans,TB,15,117,81,1096.0,12,0.26117837,0.4063817,0.6762348,0.84300905,11.43,0.692,9.37,3.15,0.722,12.11,17.51
13,Brian Thomas,JAX,17,133,87,1282.0,10,0.25452065,0.36976302,0.64061505,0.94925153,11.59,0.654,9.64,6.46,0.7935294117647059,11.59,16.71
14,Drake London,ATL,17,158,100,1271.0,9,0.28239173,0.3690694,0.68193614,0.83013237,10.91,0.633,8.04,3.27,0.8970588235294118,10.64,16.52
15,Ladd McConkey,LAC,17,126,91,1346.0,8,0.25690505,0.31579536,0.6064143,1.1356775,10.51,0.722,10.68,5.15,0.7411764705882353,10.86,16.21
16,Terry McLaurin,WAS,20,140,96,1323.0,16,0.23145278,0.38079402,0.61373496,1.80216,12.64,0.686,9.45,4.4,0.8125,11.32,16.12
17,Stefon Diggs,HOU,8,64,47,496.0,3,0.24408211,0.29353276,0.5715961,1.2049397,8.69,0.734,7.75,3.94,0.7837500000000001,9.36,15.24
18,A.J. Brown,PHI,17,120,79,1242.0,9,0.32168055,0.5164889,0.8440631,0.8563953,12.36,0.658,10.35,5.08,0.878235294117647,10.48,15.13
19,Davante Adams,LV,3,27,18,209.0,1,0.2505342,0.41358033,0.6653075,0.80799764,9.7,0.667,7.74,2.5,0.9533333333333333,8.97,14.97
20,Jaxon Smith-Njigba,SEA,17,137,100,1130.0,6,0.23754174,0.29345492,0.56173104,1.5013168,8.66,0.73,8.25,4.77,0.8641176470588235,9.0,14.88
21,Courtland Sutton,DEN,17,144,86,1156.0,8,0.26700187,0.48679566,0.74125975,0.6360963,13.5,0.597,8.03,2.22,0.8594444444444445,9.81,14.87
22,Garrett Wilson,NYJ,17,153,101,1104.0,7,0.25846568,0.35452235,0.63586414,0.99568456,9.01,0.66,7.22,4.38,0.9629411764705883,8.88,14.82
23,Jakobi Meyers,LV,15,129,87,1027.0,4,0.2515575,0.33762646,0.61367476,0.88898504,9.93,0.674,7.96,3.37,0.9166666666666666,8.73,14.53
24,Jerry Jeudy,CLE,17,145,90,1229.0,4,0.22645071,0.33442187,0.57377136,0.7274842,11.11,0.621,8.48,4.3,0.8970588235294118,8.88,14.17
25,DeVonta Smith,PHI,17,106,84,1023.0,9,0.26149043,0.2884347,0.59413993,1.1158586,8.87,0.792,9.65,4.33,0.8770588235294118,9.2,14.14
26,Jameson Williams,DET,16,95,59,1020.0,7,0.18155569,0.319212,0.4957819,1.1092384,12.08,0.621,10.74,8.42,0.800625,10.39,14.07
27,Jauan Jennings,SF,15,113,77,975.0,6,0.25201762,0.30846855,0.59395444,0.8692852,9.9,0.681,8.63,3.09,0.744,8.9,14.03
28,D.J. Moore,CHI,17,140,98,966.0,6,0.27091306,0.2614777,0.589404,2.404069,7.49,0.7,6.9,6.0,0.9382352941176471,8.24,14.01
29,Adam Thielen,CAR,10,62,48,615.0,5,0.20403138,0.2622009,0.4895877,0.9450611,11.16,0.774,9.92,3.17,0.708,9.15,13.95
30,Jordan Addison,MIN,16,107,66,904.0,9,0.21125165,0.31131673,0.53479916,0.6974619,13.44,0.617,8.45,3.23,0.82375,9.52,13.65
31,Rashid Shaheed,NO,6,41,20,349.0,3,0.24390124,0.50001407,0.71586174,0.60744244,17.59,0.488,8.51,5.3,0.7566666666666667,10.3,13.63
32,Cooper Kupp,LA,14,108,73,800.0,6,0.22763224,0.2540681,0.51929605,0.9138364,8.2,0.676,7.41,3.84,0.8064285714285714,8.36,13.57
33,Xavier Worthy,KC,19,119,78,925.0,9,0.19139165,0.26307204,0.4712379,1.679019,9.02,0.655,7.77,6.65,0.6725,9.25,13.35
34,Josh Downs,IND,14,107,72,803.0,5,0.26053417,0.16525055,0.50647664,0.95372856,6.86,0.673,7.5,5.5,0.6442857142857142,7.87,13.01
35,Tyreek Hill,MIA,17,122,81,959.0,6,0.21664381,0.39688957,0.60278845,0.735674,11.22,0.664,7.86,3.6,0.7988235294117647,8.07,12.84
36,DK Metcalf,SEA,15,108,66,992.0,5,0.20823957,0.4120515,0.6007954,0.73451245,13.71,0.611,9.19,3.98,,8.35,12.75
37,Zay Flowers,BAL,17,116,74,1059.0,4,0.25424853,0.27054673,0.57075554,1.0386443,10.41,0.638,9.13,6.26,0.7464705882352941,7.97,12.32
38,Keenan Allen,CHI,15,121,70,744.0,7,0.26502103,0.31850994,0.62048846,0.87590224,9.21,0.579,6.15,3.43,0.868,7.63,12.29
39,George Pickens,PIT,15,108,64,987.0,4,0.26237586,0.46266204,0.7174272,0.7062694,13.68,0.593,9.14,3.69,0.8006666666666666,8.01,12.27
40,Khalil Shakir,BUF,18,120,94,995.0,4,0.23591225,0.16033699,0.46610424,2.538474,5.42,0.783,8.29,7.4,0.6211111111111111,6.88,12.11
41,Darnell Mooney,ATL,16,106,64,992.0,5,0.20557398,0.32808062,0.5380174,0.8908061,12.21,0.604,9.36,4.3,0.9275,8.07,12.07
42,Diontae Johnson,CAR,7,58,30,357.0,3,0.25280046,0.42828515,0.6790003,0.55687195,9.83,0.517,6.16,2.87,0.7999999999999999,7.76,12.04
43,Calvin Ridley,TEN,17,120,64,1017.0,4,0.23806813,0.43295926,0.66017365,0.53056604,15.69,0.533,8.48,3.61,0.8129411764705883,7.95,11.72
44,Marvin Harrison,ARI,17,116,62,885.0,8,0.22580168,0.4266521,0.63735896,0.5767716,13.5,0.534,7.63,2.39,,7.91,11.56
45,Jayden Reed,GB,18,79,59,903.0,6,0.15957256,0.1410719,0.33810917,1.8340015,8.94,0.747,11.43,6.78,0.6272222222222221,8.14,11.42
46,Rashod Bateman,BAL,18,79,51,846.0,11,0.1668101,0.2798897,0.4461379,0.8607591,13.67,0.646,10.71,3.86,0.6763157894736842,8.37,11.2
47,Deebo Samuel,SF,14,81,51,670.0,3,0.201858,0.15861438,0.41381708,1.5238274,6.8,0.63,8.27,8.25,0.7313333333333334,7.47,11.11
48,Quentin Johnston,LAC,16,96,55,711.0,8,0.20604987,0.26268756,0.4929561,0.7067505,11.17,0.573,7.41,5.56,0.71625,7.48,10.92
49,Wan'Dale Robinson,NYG,17,140,93,699.0,3,0.25093454,0.17293318,0.49745503,1.3425454,4.69,0.664,4.99,3.88,0.7594117647058823,5.28,10.75
50,Allen Lazard,NYJ,12,61,37,530.0,6,0.1421827,0.24494733,0.38473716,1.1495303,11.25,0.607,8.69,4.19,0.8433333333333333,7.42,10.5
51,Nick Westbrook-Ikhine,TEN,13,60,32,497.0,9,0.15387693,0.20352158,0.37328053,0.68792593,11.67,0.533,8.28,3.88,0.6994117647058824,7.98,10.44
52,Michael Pittman,IND,16,111,69,808.0,3,0.25240564,0.25706562,0.5585544,0.6956716,11.12,0.622,7.28,3.75,,6.05,10.36
53,Amari Cooper,CLE,6,53,24,250.0,2,0.27709937,0.48841965,0.7575428,0.42517105,13.15,0.453,4.72,2.38,0.8833333333333333,6.17,10.17
54,Jalen McMillan,TB,14,62,39,502.0,8,0.14127122,0.23253107,0.37467858,1.0516723,12.37,0.629,8.1,3.69,0.7221428571428571,7.32,10.11
55,Alec Pierce,IND,16,69,37,824.0,7,0.14812052,0.29212385,0.42666748,0.57649773,21.74,0.536,11.94,3.19,0.800625,7.78,10.09
56,Tank Dell,HOU,14,81,51,667.0,3,0.18318869,0.27536103,0.46753576,0.74500835,12.54,0.63,8.23,3.22,0.6892857142857143,6.36,10.0
57,Marquez Valdes-Scantling,NO,8,35,17,385.0,4,0.14260018,0.30720344,0.42894268,0.67001444,17.83,0.486,11.0,8.06,0.6675,7.86,9.99
58,Jaylen Waddle,MIA,15,83,58,744.0,2,0.16320616,0.24885342,0.41900665,0.94330716,9.96,0.699,8.96,4.07,0.7866666666666667,6.11,9.97
59,Romeo Doubs,GB,14,74,48,614.0,4,0.18757571,0.28702992,0.4822845,0.7253633,12.12,0.649,8.3,2.85,0.7585714285714286,6.24,9.67
60,Chris Olave,NO,8,44,32,400.0,1,0.19717897,0.27023825,0.48493525,1.1722022,10.34,0.727,9.09,3.78,0.6175,5.59,9.59
61,DeAndre Hopkins,KC,13,67,44,466.0,5,0.13917957,0.21547674,0.35960308,0.6915165,10.88,0.657,6.96,2.55,0.45461538461538464,6.05,9.43
62,Ricky Pearsall,SF,10,46,31,400.0,3,0.14103304,0.20677486,0.35629195,0.66360533,11.48,0.674,8.7,3.68,0.67,6.25,9.35
63,Demario Douglas,NE,16,87,66,621.0,3,0.18506923,0.1531112,0.3847817,1.557609,6.1,0.759,7.14,5.44,0.6264705882352941,5.11,9.23
64,Jalen Tolbert,DAL,17,79,49,610.0,7,0.12621495,0.19430234,0.32533404,0.75989646,11.47,0.62,7.72,3.39,0.7576470588235295,6.06,8.94
65,Cedric Tillman,CLE,9,49,29,339.0,3,0.14694667,0.1783257,0.34524798,0.5912192,11.27,0.592,6.92,3.59,0.5490909090909091,5.71,8.93
66,Brandon Aiyuk,SF,7,47,25,374.0,0,0.22194861,0.2753627,0.5256768,0.6452961,11.83,0.532,7.96,4.28,0.7614285714285715,5.34,8.91
67,Christian Kirk,JAX,8,47,27,379.0,1,0.19120656,0.29629847,0.49421877,0.6590469,13.7,0.574,8.06,4.19,0.7,5.49,8.86
68,Rome Odunze,CHI,17,101,54,734.0,3,0.18912816,0.3260296,0.51191294,0.64470637,13.84,0.535,7.27,4.69,0.8358823529411765,5.35,8.52
69,Jalen Coker,CAR,11,46,32,478.0,2,0.14763726,0.21205169,0.3698921,1.0247564,11.22,0.696,10.39,5.34,0.6636363636363636,5.51,8.41
70,Ray-Ray McCloud,ATL,17,87,62,686.0,1,0.16299473,0.14109713,0.34326005,1.4806876,6.77,0.713,7.89,5.4,0.8511764705882353,4.74,8.38
71,Xavier Legette,CAR,15,84,49,497.0,4,0.18531771,0.23798427,0.44456556,0.73290735,12.26,0.583,5.92,2.29,0.698125,5.07,8.34
72,Kayshon Boutte,NE,15,68,43,589.0,3,0.15573676,0.29167908,0.4377805,0.75079083,14.87,0.632,8.66,3.49,0.7806666666666666,5.26,8.13
73,Noah Brown,WAS,11,56,35,453.0,1,0.17391834,0.27824718,0.45565054,0.82988524,11.38,0.625,8.09,2.37,0.630909090909091,4.66,7.85
74,Jordan Whittington,LA,7,29,23,305.0,0,0.12300496,0.08395167,0.24327362,2.8637326,5.59,0.793,10.52,8.87,0.2788235294117647,4.53,7.81
75,Marvin Mims,DEN,17,56,41,515.0,6,0.10585103,0.09424308,0.2247467,1.0079503,7.54,0.732,9.2,11.71,0.29277777777777775,5.4,7.81
76,Michael Wilson,ARI,16,71,47,548.0,4,0.14490043,0.24606034,0.3895929,0.6863781,11.34,0.662,7.72,2.77,0.795625,4.84,7.78
77,Devaughn Vele,DEN,14,57,41,475.0,3,0.12316557,0.15242599,0.29144654,0.9705817,8.39,0.719,8.33,3.1,0.5307142857142857,4.68,7.61
78,Tre Tucker,LV,17,81,47,539.0,3,0.13773577,0.24057896,0.37500894,0.573064,12.56,0.58,6.65,4.43,0.8723529411764706,4.84,7.61
79,Christian Watson,GB,14,53,29,620.0,2,0.1479874,0.31615788,0.44329163,0.55649644,17.81,0.547,11.7,5.14,0.5906666666666667,5.45,7.52
80,Parker Washington,JAX,13,51,32,390.0,3,0.12779671,0.17142195,0.31169042,0.6278127,11.78,0.627,7.65,3.38,0.5529411764705883,5.0,7.46
81,Keon Coleman,BUF,16,65,32,578.0,4,0.14430475,0.26033235,0.39868978,0.7077585,15.18,0.492,8.89,6.84,0.704375,5.42,7.42
82,Josh Reynolds,DEN,5,19,12,183.0,1,0.11154759,0.16995117,0.28628722,0.7367836,11.42,0.632,9.63,2.92,0.5780000000000001,4.86,7.26
83,Demarcus Robinson,LA,19,73,35,602.0,7,0.11492959,0.2505631,0.34778857,0.46831885,15.68,0.479,8.25,2.26,0.8163157894736842,5.38,7.22
84,Amari Cooper,BUF,10,40,26,338.0,2,0.13245788,0.1582666,0.30947345,0.8860121,12.42,0.65,8.45,2.96,0.4372727272727273,4.58,7.18
85,Josh Palmer,LAC,15,65,39,584.0,1,0.14552046,0.2602163,0.4004321,0.8167718,15.25,0.6,8.98,2.59,0.66,4.56,7.16
86,Tyler Lockett,SEA,17,74,49,600.0,2,0.13258797,0.20035829,0.33913276,0.89293236,10.58,0.662,8.11,2.73,0.6905882352941176,4.24,7.12
87,Elijah Moore,CLE,17,102,61,538.0,1,0.15481551,0.1725975,0.3530415,0.6930669,9.31,0.598,5.27,2.18,0.7570588235294117,3.52,7.11
88,Olamide Zaccheaus,WAS,18,74,52,551.0,3,0.13313694,0.11138982,0.27767828,2.0786288,5.97,0.703,7.45,6.15,0.4495,4.22,7.11
89,Andrei Iosivas,CIN,17,61,36,479.0,6,0.099345274,0.16695961,0.26588964,0.68620914,11.34,0.59,7.85,1.86,0.7841176470588236,4.94,7.05
90,Brandin Cooks,DAL,10,54,26,259.0,3,0.16577217,0.24672794,0.4213678,0.5751778,11.74,0.481,4.8,2.12,0.6980000000000001,4.36,6.96
91,Jalen Nailor,MIN,16,47,31,447.0,6,0.097127594,0.1375191,0.24195476,0.7114472,11.89,0.66,9.51,3.68,0.5311111111111111,5.02,6.96
92,Kavontae Turpin,DAL,15,52,31,420.0,2,0.091746174,0.09970545,0.20741306,0.92263854,8.44,0.596,8.08,8.39,,4.88,6.95
93,Calvin Austin,PIT,18,60,37,573.0,4,0.12807381,0.20655034,0.33669597,0.7245808,13.08,0.617,9.55,4.14,,4.85,6.91
94,Darius Slayton,NYG,16,71,39,573.0,2,0.13511379,0.25486764,0.38107803,0.6449319,13.07,0.549,8.07,3.18,0.8306250000000001,4.44,6.88
95,Bub Means,NO,4,15,9,118.0,1,0.101678476,0.1511282,0.25830746,0.5746212,11.33,0.6,7.87,2.22,0.29714285714285715,4.45,6.7
96,Dontayvion Wicks,GB,18,82,41,454.0,5,0.16572611,0.23060887,0.41001534,0.69958353,12.49,0.5,5.54,3.44,0.5594444444444444,4.19,6.47
97,DeAndre Hopkins,TEN,6,21,15,173.0,1,0.13129228,0.21849371,0.34988403,0.6049358,11.29,0.714,8.24,0.07,0.4666666666666666,3.88,6.38
98,Tutu Atwell,LA,16,63,43,580.0,0,0.13193174,0.20494764,0.34136096,0.8744326,12.05,0.683,9.21,2.93,0.3515789473684211,3.67,6.36
99,Mack Hollins,BUF,19,58,36,482.0,6,0.10485609,0.16507626,0.27283752,0.678919,13.88,0.621,8.31,2.97,0.6599999999999999,4.43,6.33
100,Sterling Shepard,TB,13,51,32,334.0,1,0.1171331,0.17111994,0.29548362,0.7482924,9.27,0.627,6.55,3.09,0.5346666666666666,3.72,6.18
101,David Moore,CAR,14,57,32,351.0,3,0.1310551,0.1741619,0.31849596,0.67715275,11.07,0.561,6.16,1.88,0.5394117647058824,3.79,6.08
102,Dyami Brown,WAS,18,58,44,537.0,2,0.104785055,0.12378177,0.24382482,1.0625328,8.33,0.759,9.26,7.02,0.48,3.57,6.02
103,Gabe Davis,JAX,9,42,20,239.0,2,0.16151169,0.24661133,0.41489547,0.51162124,13.45,0.476,5.69,1.95,,3.77,5.99
104,Tim Patrick,DET,16,48,34,416.0,3,0.0959558,0.16090418,0.2565666,1.0095904,10.29,0.708,8.67,4.68,0.5823529411764706,3.85,5.97
105,Ainias Smith,PHI,3,9,7,41.0,1,0.096606575,0.04676268,0.17764373,2.2991455,4.22,0.778,4.56,3.29,0.19999999999999998,3.57,5.9
106,Kalif Raymond,DET,11,25,20,252.0,2,0.08744289,0.0762756,0.18455724,0.95827925,7.56,0.8,10.08,8.05,0.2823076923076923,3.93,5.75
107,Jamison Crowder,WAS,6,18,12,101.0,2,0.08753407,0.08700029,0.1922013,0.70965606,7.67,0.667,5.61,2.0,0.28,3.68,5.68
108,Marquise Brown,KC,5,28,14,141.0,0,0.17003317,0.29553136,0.4619217,0.47640008,10.36,0.5,5.04,5.14,0.544,2.82,5.62
109,Tyler Johnson,LA,11,41,26,291.0,1,0.11552551,0.095940284,0.24044646,1.1741639,5.59,0.634,7.1,7.04,0.3766666666666667,3.19,5.55
110,John Metchie,HOU,12,47,30,317.0,1,0.1269881,0.1391295,0.28787282,0.72639674,9.26,0.638,6.74,2.63,0.47200000000000003,2.98,5.47
111,Kendrick Bourne,NE,12,38,28,305.0,1,0.101771854,0.12336338,0.23901214,1.1340213,9.29,0.737,8.03,3.36,0.5833333333333334,3.09,5.42
112,KhaDarel Hodge,ATL,6,12,7,131.0,1,0.07153513,0.05959804,0.14902133,2.3075302,10.5,0.583,10.92,12.71,0.19999999999999998,4.18,5.35
113,Greg Dortch,ARI,17,50,37,342.0,3,0.09689663,0.049156647,0.1797546,1.3488914,4.14,0.74,6.84,7.95,0.4023529411764706,3.14,5.31
114,Curtis Samuel,BUF,17,54,37,334.0,3,0.1151961,0.07154762,0.22287749,2.8579218,4.59,0.685,6.19,5.68,0.3941176470588235,3.11,5.28
115,Malik Heath,GB,6,17,10,97.0,2,0.10060684,0.07619575,0.20424728,1.0457143,6.41,0.588,5.71,2.3,0.21214285714285716,3.62,5.28
116,Tyler Boyd,TEN,15,57,39,390.0,0,0.13461402,0.12909268,0.29228592,1.5352961,7.37,0.684,6.84,4.85,0.6224999999999999,2.62,5.22
117,Cedrick Wilson,NO,10,27,20,211.0,1,0.078677475,0.0779924,0.1726109,0.9023391,7.26,0.741,7.81,4.45,,3.19,5.19
118,Troy Franklin,DEN,17,56,30,317.0,3,0.108968556,0.18464339,0.2927032,0.33766297,13.39,0.536,5.66,5.43,0.3764705882352941,2.97,4.74
119,Mecole Hardman,KC,7,14,12,90.0,0,0.069903545,-0.015408773,0.094069175,3.0238094,-1.0,0.857,6.43,8.25,0.13749999999999998,3.03,4.74
120,Malik Washington,MIA,12,36,26,223.0,0,0.10242283,0.09309888,0.21880347,0.9564564,5.42,0.722,6.19,4.73,0.4471428571428571,2.57,4.73
121,Van Jefferson,PIT,16,42,26,313.0,3,0.10044695,0.14355682,0.2511602,0.6701234,11.95,0.619,7.45,3.0,0.6522222222222223,3.08,4.71
122,D.J. Turner,LV,10,29,16,158.0,1,0.09261949,0.13494238,0.2333889,0.5065769,8.79,0.552,5.45,5.19,,3.11,4.71
123,Mike Williams,PIT,7,15,10,169.0,1,0.08347137,0.16086152,0.23781013,0.9419035,15.93,0.667,11.27,2.8,0.282,3.27,4.7
124,JuJu Smith-Schuster,KC,14,32,22,307.0,2,0.072788484,0.076372914,0.16264376,1.400137,6.03,0.688,9.59,9.18,0.47411764705882353,3.05,4.62
125,Ryan Miller,TB,8,20,12,128.0,2,0.0725003,0.11059878,0.1861696,5.2838044,9.75,0.6,6.4,4.58,0.3475,3.1,4.6
126,Lil'Jordan Humphrey,DEN,14,45,31,293.0,1,0.099820234,0.09186176,0.21403357,1.1490482,6.51,0.689,6.51,6.19,0.4811111111111111,2.38,4.59
127,Tylan Wallace,BAL,10,15,13,241.0,1,0.05623136,0.044263247,0.115331315,1.9135101,6.67,0.867,16.07,11.77,0.2752631578947369,3.01,4.31
128,Jacob Cowing,SF,3,6,4,80.0,0,0.06095159,0.099130295,0.16081859,0.92735046,14.33,0.667,13.33,6.5,0.10400000000000001,2.9,4.23
129,Mike Williams,NYJ,7,21,12,166.0,0,0.079218544,0.17239843,0.23950672,0.59155303,14.48,0.571,7.9,2.0,0.5222222222222221,2.37,4.09
130,Dante Pettis,NO,8,28,12,120.0,1,0.112572506,0.1336423,0.26240838,0.41951436,10.07,0.429,4.29,3.0,0.3075,2.5,4.0
131,Justin Watson,KC,17,32,22,289.0,2,0.06827939,0.14914832,0.20682292,0.8777294,15.19,0.688,9.03,3.09,0.5345,2.64,3.94
132,Parris Campbell,PHI,4,8,6,30.0,1,0.08093467,0.047284897,0.15450144,0.7204546,4.25,0.75,3.75,1.5,0.3225,2.25,3.75
133,Jermaine Burton,CIN,4,14,4,107.0,0,0.08042649,0.21499752,0.271138,0.37804487,21.14,0.286,7.64,5.5,0.13499999999999998,2.67,3.67
134,Rakim Jarrett,TB,6,11,9,124.0,0,0.053874273,0.093205534,0.14605528,1.1556064,11.55,0.818,11.27,2.0,0.3090909090909091,2.07,3.57
135,Trey Palmer,TB,10,22,12,172.0,1,0.059117474,0.13550663,0.18353085,0.7904199,14.32,0.545,7.82,3.5,0.279375,2.32,3.52
136,Nelson Agholor,BAL,15,31,15,256.0,2,0.07663964,0.11901322,0.1982687,1.1799861,13.06,0.484,8.26,6.27,0.444375,2.51,3.51
137,Jahan Dotson,PHI,16,38,22,269.0,1,0.08868448,0.111898355,0.21135557,1.0391549,9.79,0.579,7.08,4.05,0.5823809523809524,2.14,3.51
138,Britain Covey,PHI,3,8,7,34.0,0,0.09783262,0.021423481,0.16174537,0.6969697,1.12,0.875,4.25,4.0,0.144,1.13,3.47
139,Derius Davis,LAC,12,18,14,116.0,2,0.059231915,0.020304803,0.10306122,0.5590047,3.22,0.778,6.44,9.29,0.1575,2.27,3.43
140,River Cracraft,MIA,4,9,7,66.0,0,0.06804749,0.08774851,0.1634952,0.935399,7.89,0.778,7.33,1.57,0.2275,1.65,3.4
141,Kevin Austin,NO,8,22,11,151.0,0,0.09337029,0.12756252,0.22934918,1.075635,11.77,0.5,6.86,3.36,0.665,2.0,3.38
142,Simi Fehoko,LAC,5,16,6,106.0,0,0.110843465,0.19200341,0.3006676,0.32857588,14.75,0.375,6.62,2.67,0.44111111111111106,2.12,3.32
143,Robert Woods,HOU,13,34,22,225.0,0,0.07985975,0.085138634,0.17938668,0.75831956,9.35,0.647,6.62,3.41,0.3623529411764706,1.58,3.27
144,DeAndre Carter,CHI,5,14,9,72.0,0,0.07953863,0.1081533,0.19501525,0.67892504,11.07,0.643,5.14,3.56,0.13999999999999999,1.44,3.24
145,Adonai Mitchell,IND,17,55,23,312.0,0,0.11211459,0.16031516,0.28039247,0.72279435,14.09,0.418,5.67,4.39,0.361764705882353,1.81,3.16
146,Anthony Miller,BAL,3,5,5,44.0,0,0.08679824,0.06403161,0.1750195,2.0525253,6.0,1.0,8.8,2.8,0.10250000000000001,1.47,3.13
147,K.J. Osborn,NE,6,18,7,57.0,1,0.11029121,0.09681105,0.23320454,0.46666667,5.94,0.389,3.17,2.29,0.5328571428571428,1.95,3.12
148,Bryce Oliver,TEN,5,9,6,95.0,0,0.06442559,0.075718895,0.1496416,1.1325198,10.56,0.667,10.56,4.33,0.101,1.9,3.1
149,D.J. Chark,LAC,5,14,5,41.0,1,0.08153941,0.10864006,0.19835715,0.73255694,13.14,0.357,2.93,2.6,,2.02,3.02
150,Jalen Brooks,DAL,12,30,12,177.0,1,0.06585029,0.13144597,0.19078761,0.6426536,13.63,0.4,5.9,3.08,0.3828571428571429,1.97,2.98
151,Scott Miller,PIT,4,9,5,69.0,0,0.08821898,0.12366898,0.21889676,1.0722222,11.78,0.556,7.67,6.6,0.25,1.72,2.97
152,Ben Skowronek,PIT,4,5,5,69.0,0,0.045892477,0.052714407,0.105738804,2.4063282,8.0,1.0,13.8,5.8,0.15545454545454546,1.73,2.97
153,Jonathan Mingo,CAR,8,26,12,121.0,0,0.09854601,0.119857274,0.2317191,0.5243416,9.27,0.462,4.65,5.33,0.54,1.33,2.83
154,Trent Sherfield,MIN,9,12,10,91.0,1,0.044059895,0.03180983,0.08835672,1.5095178,6.33,0.833,7.58,4.2,0.1622222222222222,1.68,2.79
155,Zay Jones,ARI,6,11,8,84.0,0,0.055610817,0.10018145,0.15354323,0.538492,10.82,0.727,7.64,2.38,0.34545454545454546,1.4,2.73
156,Jake Bobo,SEA,11,17,13,107.0,1,0.04027925,0.049308036,0.09493449,0.95578516,8.12,0.765,6.29,2.08,0.2923529411764706,1.52,2.7
157,Mike Woods,CLE,5,17,7,65.0,0,0.0858184,0.13588187,0.22384493,0.31805608,11.0,0.412,3.82,5.0,,1.3,2.7
158,Luke McCaffrey,WAS,13,25,18,168.0,0,0.06515017,0.056866985,0.13753214,0.79335266,7.2,0.72,6.72,5.39,0.3355,1.29,2.68
159,Mason Tipton,NO,9,26,14,99.0,0,0.089307636,0.13108088,0.22571808,0.6819689,12.54,0.538,3.81,1.93,0.49090909090909096,1.1,2.66
160,Ryan Flournoy,DAL,7,14,10,102.0,0,0.053316683,0.06107105,0.12272476,1.1615283,8.21,0.714,7.29,3.4,0.2,1.17,2.6
161,Ja'Lynn Polk,NE,13,33,12,87.0,2,0.08664541,0.15216118,0.23648094,0.43898642,11.97,0.364,2.64,1.08,0.46066666666666667,1.59,2.52
162,D'Wayne Eskridge,MIA,3,3,3,44.0,0,0.033413507,0.022938458,0.06617718,1.1692308,5.0,1.0,14.67,9.67,0.09833333333333334,1.47,2.47
163,Laviska Shenault Jr.,SEA,6,5,5,36.0,0,0.029892761,-0.0037410432,0.04222041,0.6666666,-2.0,1.0,7.2,9.2,0.06363636363636364,1.62,2.45
164,Tim Jones,JAX,3,5,3,41.0,0,0.06031746,0.06379349,0.13513164,1.0849673,8.0,0.6,8.2,5.67,0.16411764705882353,1.37,2.37
165,Xavier Gipson,NYJ,7,10,6,39.0,1,0.047914345,0.087673485,0.13324295,1.6879433,11.2,0.6,3.9,3.67,0.1811764705882353,1.49,2.34
166,Xavier Hutchinson,HOU,16,33,17,203.0,0,0.06808096,0.07689154,0.15594551,0.6359038,10.64,0.515,6.15,3.65,0.47388888888888886,1.27,2.33
167,Dan Chisena,CAR,3,4,3,37.0,0,0.051059376,0.050455797,0.111908115,1.1843138,7.5,0.75,9.25,3.0,0.04833333333333333,1.23,2.23
168,Tyquan Thornton,NE,4,8,4,47.0,0,0.07669993,0.19327074,0.25033942,0.25730994,15.75,0.5,5.88,6.0,0.295,1.17,2.17
169,Ashton Dulin,IND,9,8,2,67.0,1,0.05242585,0.0857462,0.1386611,0.563962,19.25,0.25,8.38,21.5,0.19866666666666666,1.91,2.13
170,Jalen Reagor,LAC,7,12,7,100.0,0,0.057438463,0.055298176,0.12486641,0.71058875,10.25,0.583,8.33,3.71,0.2825,1.1,2.1
171,Bo Melton,GB,12,20,9,107.0,0,0.06327975,0.11298768,0.174011,0.3495751,18.35,0.45,5.35,0.78,0.24222222222222223,1.34,2.09
172,Xavier Smith,LA,3,2,2,6.0,0,0.044444446,0.0027247956,0.068574026,6.0,0.5,1.0,3.0,2.5,0.03352941176470588,1.4,2.07
173,Brandon Powell,MIN,7,10,7,71.0,0,0.051629163,0.062305223,0.1210574,1.0300959,10.2,0.7,7.1,1.71,0.19,1.01,2.01
174,Chris Conley,SF,7,12,6,76.0,0,0.052956343,0.10630519,0.15384814,0.63171226,17.25,0.5,6.33,3.17,0.23733333333333334,1.09,1.94
175,Devin Duvernay,JAX,10,16,11,79.0,0,0.065515384,0.07899938,0.15357263,0.69488424,11.44,0.688,4.94,5.73,0.22153846153846152,0.82,1.92
176,Odell Beckham,MIA,8,19,9,55.0,0,0.07411889,0.09415312,0.17708552,0.477332,8.63,0.474,2.89,1.56,,0.69,1.81
177,Deven Thompkins,CAR,4,4,4,20.0,0,0.060606062,-0.015835807,0.07982403,0.5833333,-2.0,1.0,5.0,7.0,0.11571428571428573,0.67,1.68
178,Jonathan Mingo,DAL,6,16,5,46.0,0,0.0739996,0.13896042,0.2082717,0.29391053,13.81,0.312,2.88,0.6,0.29375,0.77,1.6
179,Treylon Burks,TEN,5,8,4,34.0,0,0.058387797,0.12545325,0.17539898,0.49770117,16.88,0.5,4.25,1.25,0.47400000000000003,0.7,1.5
180,Johnny Wilson,PHI,10,16,5,38.0,1,0.054643728,0.07550973,0.1348224,0.22863773,9.31,0.312,2.38,3.0,0.298,0.98,1.48
181,Malachi Corley,NYJ,5,6,3,16.0,0,0.04555079,0.056326725,0.107754886,0.2916667,8.33,0.5,2.67,1.67,0.15111111111111108,0.84,1.44
182,Terrace Marshall,LV,5,6,3,41.0,0,0.03431297,0.032927662,0.074518815,0.5955556,8.67,0.5,6.83,1.33,,0.82,1.42
183,Jalin Hyatt,NYG,10,19,8,62.0,0,0.055182934,0.1630809,0.19693103,0.4003697,19.11,0.421,3.26,0.75,0.315,0.62,1.42
184,Ronnie Bell,SF,3,6,2,22.0,0,0.068172045,0.067083985,0.14921685,0.26681784,10.83,0.333,3.67,1.0,0.19,0.73,1.4
185,Trenton Irwin,CIN,4,10,3,15.0,0,0.07506023,0.07828432,0.16738936,0.36956522,6.2,0.3,1.5,1.33,0.2914285714285714,0.38,1.12
186,Allen Robinson,DET,6,7,3,30.0,0,0.042655047,0.056779046,0.10372791,0.4569378,7.29,0.429,4.29,1.33,0.12,0.5,1.0
187,Marquez Valdes-Scantling,BUF,5,9,2,26.0,0,0.06993281,0.15623519,0.21426384,0.16242424,15.67,0.222,2.89,3.0,0.37833333333333335,0.52,0.92
188,Jamari Thrash,CLE,6,7,3,22.0,0,0.029062808,0.030633902,0.06503794,0.9777778,7.29,0.429,3.14,4.67,0.23000000000000004,0.37,0.87
189,Josh Reynolds,JAX,3,5,1,11.0,0,0.049533814,0.066282235,0.12069828,0.14666666,10.6,0.2,2.2,0.0,0.45499999999999996,0.37,0.7
190,Javon Baker,NE,4,4,1,12.0,0,0.03461941,0.049355038,0.08647764,0.25,12.5,0.25,3.0,0.0,0.12727272727272726,0.3,0.55
191,Diontae Johnson,BAL,3,5,1,6.0,0,0.058211725,0.15521757,0.19596988,0.057142857,24.6,0.2,1.2,1.0,0.1625,0.2,0.53
192,Kameron Johnson,TB,3,1,0,0.0,0,0.021276595,0.009933775,0.038868535,0.0,3.0,0.0,0.0,,0.132,0.37,0.37
193,Braxton Berrios,MIA,3,4,0,0.0,0,0.038280215,0.036867756,0.08322775,0.0,6.5,0.0,0.0,,0.26833333333333337,0.0,0.0
