rank,player_display_name,recent_team,games,fantasy_points_ppr,fppg_ppr,passing_yards,passing_tds,interceptions,comp_pct,yards_per_attempt,td_rate,sacks,carries,rushing_yards,rushing_tds,fppg,rush_att_5plus
1,Josh Allen,BUF,16,364.62,22.79,3668,25,10,0.693,7.97,0.054,40,112,579,14,22.79,45
2,Drake Maye,NE,17,351.96000000000004,20.7,4394,31,8,0.72,8.93,0.063,47,103,450,4,20.64,38
3,Matthew Stafford,LA,17,350.38,20.61,4707,46,8,0.65,7.88,0.077,23,29,1,0,20.61,1
4,Patrick Mahomes,KC,14,285.68,20.41,3587,22,11,0.627,7.15,0.044,34,64,422,5,20.33,40
5,Trevor Lawrence,JAX,17,338.18,19.89,4007,29,12,0.609,7.16,0.052,41,82,359,9,19.89,30
6,Brock Purdy,SF,9,177.38,19.71,2167,20,10,0.694,7.63,0.07,11,33,147,3,19.71,11
7,Jalen Hurts,PHI,16,301.06,18.82,3224,25,6,0.648,7.1,0.055,32,105,421,8,18.82,35
8,Caleb Williams,CHI,17,318.18,18.72,3942,27,7,0.581,6.94,0.048,24,77,383,3,18.6,36
9,Dak Prescott,DAL,17,313.78,18.46,4552,30,10,0.673,7.59,0.05,31,53,177,2,18.46,19
10,Bo Nix,DEN,17,304.84000000000003,17.93,3931,25,11,0.634,6.42,0.041,22,83,356,5,17.93,31
11,Justin Herbert,LAC,16,286.88,17.93,3727,26,13,0.664,7.28,0.051,54,83,498,2,17.93,34
12,Jared Goff,DET,17,297.06,17.47,4564,34,8,0.68,7.9,0.059,38,19,45,0,17.47,5
13,Daniel Jones,IND,13,226.44,17.42,3101,19,8,0.68,8.08,0.049,22,45,164,5,17.42,10
14,Jaxson Dart,NYG,14,241.58,17.26,2272,15,5,0.637,6.7,0.044,35,86,487,9,17.26,40
15,Joe Burrow,CIN,8,134.46,16.81,1809,17,5,0.668,6.98,0.066,17,14,41,0,16.81,3
16,Lamar Jackson,BAL,13,214.86,16.53,2549,21,7,0.636,8.44,0.07,36,67,349,2,16.53,30
17,Jayden Daniels,WAS,7,114.28,16.33,1262,8,3,0.606,6.71,0.043,18,58,278,2,16.33,29
18,Jacoby Brissett,ARI,14,227.44,16.25,3366,23,8,0.649,6.94,0.047,43,38,168,1,16.25,16
19,Baker Mayfield,TB,17,271.92,16.0,3693,26,11,0.632,6.8,0.048,36,55,382,1,16.0,30
20,Justin Fields,NYJ,9,142.66,15.85,1259,7,1,0.627,6.17,0.034,27,71,383,4,15.85,30
21,Jordan Love,GB,15,235.14,15.68,3381,23,6,0.663,7.7,0.052,21,47,199,0,15.68,17
22,Kyler Murray,ARI,5,77.78,15.56,962,6,3,0.683,5.98,0.037,16,29,173,1,15.56,11
23,C.J. Stroud,HOU,14,208.54,14.9,3041,19,8,0.645,7.19,0.045,23,48,209,1,14.9,17
24,Tyler Shough,NO,11,157.96,14.36,2384,10,6,0.676,7.29,0.031,31,45,186,3,14.36,11
25,Aaron Rodgers,PIT,16,227.08,14.19,3322,24,7,0.657,6.67,0.048,29,21,61,1,14.13,6
26,Carson Wentz,MIN,5,70.34,14.07,1216,6,5,0.651,7.2,0.036,19,11,57,0,14.07,5
27,Sam Darnold,SEA,17,235.42,13.85,4048,25,14,0.677,8.49,0.052,27,35,95,0,13.85,9
28,Bryce Young,CAR,16,218.04,13.63,3011,23,11,0.636,6.3,0.048,27,54,216,2,13.63,19
29,Joe Flacco,CIN,9,120.76,13.42,1664,13,4,0.617,6.5,0.051,9,15,22,1,13.42,4
30,Michael Penix Jr.,ATL,9,120.28,13.36,1982,9,3,0.601,7.18,0.033,13,21,70,1,13.36,6
31,Marcus Mariota,WAS,10,125.5,12.55,1695,10,7,0.612,7.47,0.044,16,50,297,1,12.55,22
32,J.J. McCarthy,MIN,10,125.38,12.54,1632,11,12,0.576,6.72,0.045,27,37,181,4,12.54,17
33,Mac Jones,SF,11,130.04,11.82,2151,13,6,0.696,7.44,0.045,16,36,60,0,11.82,5
34,Geno Smith,LV,15,173.9,11.59,3025,19,17,0.674,6.75,0.042,55,41,109,0,11.59,9
35,Tua Tagovailoa,MIA,14,160.70000000000002,11.48,2660,20,15,0.677,6.93,0.052,30,20,43,0,11.48,5
36,Davis Mills,HOU,6,68.6,11.43,915,5,1,0.572,5.75,0.031,8,13,60,1,11.43,7
37,Spencer Rattler,NO,9,99.14,11.02,1586,8,5,0.677,6.17,0.031,18,31,167,0,10.9,17
38,Cam Ward,TEN,17,186.66,10.98,3169,15,7,0.598,5.87,0.028,55,39,159,2,10.98,15
39,Shedeur Sanders,CLE,8,84.9,10.61,1400,7,10,0.566,6.6,0.033,23,21,169,1,10.61,17
40,Kirk Cousins,ATL,10,103.54,10.35,1721,10,5,0.617,6.4,0.037,13,14,7,1,10.35,1
41,Tyrod Taylor,NYJ,6,59.46,9.91,779,5,5,0.597,5.81,0.037,14,27,143,1,9.91,14
42,Jake Browning,CIN,5,48.74,9.75,771,6,8,0.648,6.17,0.048,9,9,39,1,9.75,2
43,Russell Wilson,NYG,6,49.84,8.31,831,3,3,0.58,6.98,0.025,10,18,106,0,8.31,9
44,Tyler Huntley,BAL,5,40.14,8.03,426,2,0,0.776,6.36,0.03,8,24,151,0,8.03,12
45,Dillon Gabriel,CLE,10,70.08,7.01,937,7,2,0.595,5.06,0.038,19,14,86,0,7.01,7
46,Riley Leonard,IND,5,31.0,6.2,415,2,3,0.582,6.19,0.03,2,6,27,2,6.2,3
47,Brady Cook,NYJ,5,28.46,5.69,739,2,7,0.575,4.83,0.013,19,13,49,0,5.69,5
48,Mason Rudolph,PIT,5,15.0,3.0,310,2,2,0.731,5.96,0.038,2,7,6,0,3.0,0
49,Kenny Pickett,LV,6,7.720000000000001,1.29,188,1,2,0.622,4.18,0.022,8,5,22,0,1.29,3
50,Max Brosmer,MIN,7,4.220000000000001,0.6,328,0,4,0.662,4.62,0.0,14,7,11,0,0.6,2
